-- MySQL dump 10.13  Distrib 8.0.40, for Linux (x86_64)
--
-- Host: localhost    Database: customer_portal
-- ------------------------------------------------------
-- Server version	8.0.40-0ubuntu0.20.04.1

/*!40101 SET @OLD_CHARACTER_SET_CLIENT=@@CHARACTER_SET_CLIENT */;
/*!40101 SET @OLD_CHARACTER_SET_RESULTS=@@CHARACTER_SET_RESULTS */;
/*!40101 SET @OLD_COLLATION_CONNECTION=@@COLLATION_CONNECTION */;
/*!50503 SET NAMES utf8mb4 */;
/*!40103 SET @OLD_TIME_ZONE=@@TIME_ZONE */;
/*!40103 SET TIME_ZONE='+00:00' */;
/*!40014 SET @OLD_UNIQUE_CHECKS=@@UNIQUE_CHECKS, UNIQUE_CHECKS=0 */;
/*!40014 SET @OLD_FOREIGN_KEY_CHECKS=@@FOREIGN_KEY_CHECKS, FOREIGN_KEY_CHECKS=0 */;
/*!40101 SET @OLD_SQL_MODE=@@SQL_MODE, SQL_MODE='NO_AUTO_VALUE_ON_ZERO' */;
/*!40111 SET @OLD_SQL_NOTES=@@SQL_NOTES, SQL_NOTES=0 */;

--
-- Table structure for table `blogs`
--

DROP TABLE IF EXISTS `blogs`;
/*!40101 SET @saved_cs_client     = @@character_set_client */;
/*!50503 SET character_set_client = utf8mb4 */;
CREATE TABLE `blogs` (
  `id` char(36) CHARACTER SET utf8mb4 COLLATE utf8mb4_bin NOT NULL,
  `title` varchar(255) NOT NULL,
  `slug` varchar(255) NOT NULL,
  `content` longtext NOT NULL,
  `created_at` datetime NOT NULL,
  `updated_at` datetime NOT NULL,
  `deleted_at` datetime DEFAULT NULL,
  PRIMARY KEY (`id`),
  UNIQUE KEY `id` (`id`)
) ENGINE=InnoDB DEFAULT CHARSET=utf8mb4 COLLATE=utf8mb4_0900_ai_ci;
/*!40101 SET character_set_client = @saved_cs_client */;

--
-- Dumping data for table `blogs`
--

LOCK TABLES `blogs` WRITE;
/*!40000 ALTER TABLE `blogs` DISABLE KEYS */;
/*!40000 ALTER TABLE `blogs` ENABLE KEYS */;
UNLOCK TABLES;

--
-- Table structure for table `client_details`
--

DROP TABLE IF EXISTS `client_details`;
/*!40101 SET @saved_cs_client     = @@character_set_client */;
/*!50503 SET character_set_client = utf8mb4 */;
CREATE TABLE `client_details` (
  `id` char(36) CHARACTER SET utf8mb4 COLLATE utf8mb4_bin NOT NULL,
  `fullname` varchar(255) NOT NULL,
  `phone` varchar(255) NOT NULL,
  `address` varchar(255) NOT NULL,
  `category_business` varchar(255) NOT NULL,
  `description_business` text NOT NULL,
  `image` longtext,
  `created_at` datetime NOT NULL,
  `updated_at` datetime NOT NULL,
  `deleted_at` datetime DEFAULT NULL,
  `client_id` char(36) CHARACTER SET utf8mb4 COLLATE utf8mb4_bin NOT NULL,
  PRIMARY KEY (`id`),
  UNIQUE KEY `id` (`id`),
  UNIQUE KEY `client_details_phone_unique` (`phone`),
  KEY `client_id` (`client_id`),
  CONSTRAINT `client_details_ibfk_1` FOREIGN KEY (`client_id`) REFERENCES `clients` (`id`) ON DELETE CASCADE ON UPDATE CASCADE
) ENGINE=InnoDB DEFAULT CHARSET=utf8mb4 COLLATE=utf8mb4_0900_ai_ci;
/*!40101 SET character_set_client = @saved_cs_client */;

--
-- Dumping data for table `client_details`
--

LOCK TABLES `client_details` WRITE;
/*!40000 ALTER TABLE `client_details` DISABLE KEYS */;
INSERT INTO `client_details` VALUES ('072d485e-b183-45bc-a26c-59d260fba42e','magang1','085532679835','magang1','nyoba','nyoba','','2025-04-12 15:49:21','2025-04-12 15:49:21',NULL,'b018fd91-3cf3-4772-83af-c5f61fb692a7'),('291a1d03-55be-4def-80cf-d85ecc39a0d7','Akun Dummy','08123456789','Jalan Kaliurang Km 13','KMS','Key Management System','','2024-12-17 09:06:00','2024-12-17 09:06:00',NULL,'00acfcf2-e3df-48a9-946e-e5862286b6d4'),('3e50488a-8096-44ce-909f-dc255de869b1','Chandra Ramadhan','085217254606','Surakarta, Indonesia','testing','testing','','2024-12-17 02:58:02','2024-12-17 02:58:02',NULL,'ca12f236-0e83-4b39-a9c5-f2223e41de24'),('448081b6-5608-4b41-bc0d-a253c2c47b1d','Tania','089634933205','Yogyakarta','A','Aaaaa','','2024-11-18 09:28:11','2024-11-18 09:28:11',NULL,'8c4a62d2-0b32-44fc-8445-fd6e2ad76739'),('49c9ef52-d290-48d0-922b-024a48ffcd1c','Cloveragri','+61412036858','30 Axis Ct, Burpengary QLD 4505, Australia','agricultural equipment','Maximise Your Farming Potential with Cloveragri Implements','','2024-11-16 05:52:49','2024-11-16 05:52:49',NULL,'c0d02f82-3a2d-4341-b32f-006daf6b72be'),('98bf5eba-0ca1-477f-8365-54e6210510f6','asep','081271018188','jl kaliiurang','air minum','jualan air','','2025-01-15 03:52:24','2025-01-15 03:52:24',NULL,'b8bf2f91-2921-4475-ad2d-8579c0cde8e3'),('d103cddb-d9e3-46b0-9e8b-3e4b3e684bbe','Diptya Bagus Sumantry','08122776098743','Sleman','IT','Hardware and Software','','2024-11-22 03:45:47','2024-11-22 03:45:47',NULL,'1ad87903-8afc-4504-bd9c-a102b4c8b887'),('dd2ec400-9ccb-4caa-b5ff-7d954dd5c8ac','Jovan','0812710188','rumah aja','Air minum','Menyediakan jasa air bersih langsun dari gunung','','2024-12-16 03:03:26','2024-12-16 03:03:26',NULL,'1b393adf-f287-48c3-aa29-50232e9f27af'),('de8ba20a-eb9d-4cb2-9cf7-782211bccc31','diptya bagus sumantry','08122775097','sokaraja','marketing','agar produk trerjual','','2024-11-12 04:44:12','2024-11-12 04:44:12',NULL,'c867e4fb-8dc3-4abd-a1f2-51fc5b9dc6c7'),('ec70d3f6-6424-4476-958c-e13776731240','wahyudi padmana','+62817888849','Gedung PIDI 4.0 Jakarta','Cyber Secutiry','Key Management System','','2024-11-19 03:31:53','2024-11-19 03:31:53',NULL,'f30a2159-e7eb-49b9-a818-bc86c288bdbd');
/*!40000 ALTER TABLE `client_details` ENABLE KEYS */;
UNLOCK TABLES;

--
-- Table structure for table `clients`
--

DROP TABLE IF EXISTS `clients`;
/*!40101 SET @saved_cs_client     = @@character_set_client */;
/*!50503 SET character_set_client = utf8mb4 */;
CREATE TABLE `clients` (
  `id` char(36) CHARACTER SET utf8mb4 COLLATE utf8mb4_bin NOT NULL,
  `username` varchar(255) NOT NULL,
  `email` varchar(255) NOT NULL,
  `password` varchar(255) NOT NULL,
  `otp` int NOT NULL,
  `status_verification_email` tinyint(1) DEFAULT '0',
  `status_verification_data` varchar(255) NOT NULL DEFAULT 'not_verifed',
  `created_at` datetime NOT NULL,
  `updated_at` datetime NOT NULL,
  `deleted_at` datetime DEFAULT NULL,
  PRIMARY KEY (`id`),
  UNIQUE KEY `id` (`id`),
  UNIQUE KEY `clients_username_unique` (`username`),
  UNIQUE KEY `clients_email_unique` (`email`)
) ENGINE=InnoDB DEFAULT CHARSET=utf8mb4 COLLATE=utf8mb4_0900_ai_ci;
/*!40101 SET character_set_client = @saved_cs_client */;

--
-- Dumping data for table `clients`
--

LOCK TABLES `clients` WRITE;
/*!40000 ALTER TABLE `clients` DISABLE KEYS */;
INSERT INTO `clients` VALUES ('00acfcf2-e3df-48a9-946e-e5862286b6d4','akundumy','akundumy@gmail.com','$2b$10$E2txBwAmuxL/slxRaJFQM.yDUrKv4PikFQu6zuw4.5H49Ub00IPy.',153194,1,'verifed','2024-12-17 09:02:33','2024-12-17 09:07:50',NULL),('1ad87903-8afc-4504-bd9c-a102b4c8b887','bagus','diptya@widyaanalytic.com','$2b$10$3OQEto5u./VIhi33BMWDuuM82aaqcmLbgt4Gtso/TVPyjp4MfXhFO',504197,1,'process','2024-11-22 03:43:54','2024-11-22 03:45:47',NULL),('1b393adf-f287-48c3-aa29-50232e9f27af','jhovan','jovanbryanginting@gmail.com','$2b$10$oQgrKljEjQxyesQRqbZ1legJRkJNCxM9BWQuSa0aRwsIXdgSwyLP6',242232,1,'verifed','2024-10-25 06:40:49','2024-12-16 03:05:34',NULL),('221cfe0f-a145-4915-a814-180fd193a9c3','john.doe','asd@gmail.com','$2b$10$UdAo.J261CLeNR8jBzLYauFB5mZj5dyTrEUArkBVkDR4FZvVNUCJ2',405839,0,'not_verifed','2024-12-23 21:53:50','2024-12-23 21:53:50',NULL),('4c308594-e656-41ba-b007-d3ccb9c0a024','sutimin.gilbert','tambunanprd@gmail.com','$2b$10$As5Sh74UsodBnW9JxCaJXu0w8jorvf1eZ/zFijkjmHW1bfSR6PVyG',353257,1,'not_verifed','2025-01-15 04:06:10','2025-01-16 07:22:26',NULL),('8c4a62d2-0b32-44fc-8445-fd6e2ad76739','Tania','tania.fatma.wati-2020@fst.unair.ac.id','$2b$10$hcW/5UYEjca9wh8fwTLQfecwY2nYMB3FFjG2KJkZWAg9yfOMdtaPG',464233,1,'verifed','2024-11-18 09:26:50','2024-11-18 09:29:13',NULL),('b018fd91-3cf3-4772-83af-c5f61fb692a7','libra','libravainglory@gmail.com','$2b$10$glLW.mLAOL55Oo9kLFoL8.yq1n1J2epBuICbAayy2gHZ5oPIszo8y',223533,1,'process','2025-04-12 15:46:35','2025-04-12 15:49:21',NULL),('b060b700-c4ad-41c2-bef5-019173673795','john.snow','joedohn158@gmail.com','$2b$10$rwb4/DBaRia1joWXX1Geg.UBALIIDkg/JttngoGOUNU5QjyGHCOru',786812,1,'not_verifed','2024-12-23 21:55:01','2024-12-23 21:55:23',NULL),('b8bf2f91-2921-4475-ad2d-8579c0cde8e3','jovan','mantapoke112@gmail.com','$2b$10$ybJzOOvCIFtpPLmABtYmU.vRven1zqa1pLy6aV9IN5xuvqXXiewei',123452,1,'verifed','2025-01-15 03:50:29','2025-01-15 03:55:03',NULL),('c0d02f82-3a2d-4341-b32f-006daf6b72be','Cloveragri','cloveragrimachineryaustralia@gmail.com','$2b$10$WgmaQW2gphBhQliEYzH9Z.xDcJndnk1pdx/3PyyGj/7FX/vyU9vm2',369541,1,'process','2024-11-16 05:50:50','2024-11-16 05:52:49',NULL),('c775ae3c-a218-4bba-96d8-97f54e81cfe0','jogo','asep@gmail.com','$2b$10$5KZNU1XhajdE2xwlJqkWrezKrIjdiJ/FV14aPKBR9L7V7ezoztpqu',528595,0,'not_verifed','2024-11-22 02:00:18','2024-11-22 02:00:18',NULL),('c867e4fb-8dc3-4abd-a1f2-51fc5b9dc6c7','diptya','diptyasoemantry@gmail.com','$2b$10$jgezlFSxPrqtEi8K0oI90Oeb8S4VvBzEIgjKiTqcRhY3qfAeXaROu',188309,1,'verifed','2024-10-21 11:02:31','2024-12-30 01:21:25',NULL),('ca12f236-0e83-4b39-a9c5-f2223e41de24','chandra','chandra.ramadhan.udb@gmail.com','$2b$10$Wb1HqEFv8UKy4D8PYuDX2uY9pzTZYImRSidcLlHup6WipODFdt9ty',940873,1,'verifed','2024-12-17 02:53:42','2025-02-14 09:01:34',NULL),('f30a2159-e7eb-49b9-a818-bc86c288bdbd','wpadmana','wpadmana@sandhiguna.com','$2b$10$lXedWkDcYac.7m/w3fPkAuTvYeTzQC0OwQ1rT9VQYjfsCMiosWxPG',217749,1,'verifed','2024-10-23 06:23:32','2024-11-19 03:42:40',NULL);
/*!40000 ALTER TABLE `clients` ENABLE KEYS */;
UNLOCK TABLES;

--
-- Table structure for table `contact`
--

DROP TABLE IF EXISTS `contact`;
/*!40101 SET @saved_cs_client     = @@character_set_client */;
/*!50503 SET character_set_client = utf8mb4 */;
CREATE TABLE `contact` (
  `id` char(36) CHARACTER SET utf8mb4 COLLATE utf8mb4_bin NOT NULL,
  `first_name` varchar(255) NOT NULL,
  `last_name` varchar(255) NOT NULL,
  `email_address` varchar(255) NOT NULL,
  `message` longtext NOT NULL,
  `created_at` datetime NOT NULL,
  `updated_at` datetime NOT NULL,
  `deleted_at` datetime DEFAULT NULL,
  PRIMARY KEY (`id`),
  UNIQUE KEY `id` (`id`),
  UNIQUE KEY `contact_emailAddress_unique` (`email_address`)
) ENGINE=InnoDB DEFAULT CHARSET=utf8mb4 COLLATE=utf8mb4_0900_ai_ci;
/*!40101 SET character_set_client = @saved_cs_client */;

--
-- Dumping data for table `contact`
--

LOCK TABLES `contact` WRITE;
/*!40000 ALTER TABLE `contact` DISABLE KEYS */;
INSERT INTO `contact` VALUES ('2f15eba4-f694-4cb6-a64e-f6ea15631c42','Diptya','sumantry','diptyasoemantry@gmail.com','Dicoba','2024-10-03 08:07:56','2024-10-03 08:07:56',NULL);
/*!40000 ALTER TABLE `contact` ENABLE KEYS */;
UNLOCK TABLES;

--
-- Table structure for table `contacts`
--

DROP TABLE IF EXISTS `contacts`;
/*!40101 SET @saved_cs_client     = @@character_set_client */;
/*!50503 SET character_set_client = utf8mb4 */;
CREATE TABLE `contacts` (
  `id` char(36) CHARACTER SET utf8mb4 COLLATE utf8mb4_bin NOT NULL,
  `first_name` varchar(255) NOT NULL,
  `last_name` varchar(255) NOT NULL,
  `email_address` varchar(255) NOT NULL,
  `message` longtext NOT NULL,
  `created_at` datetime NOT NULL,
  `updated_at` datetime NOT NULL,
  `deleted_at` datetime DEFAULT NULL,
  PRIMARY KEY (`id`),
  UNIQUE KEY `id` (`id`),
  UNIQUE KEY `contacts_emailAddress_unique` (`email_address`)
) ENGINE=InnoDB DEFAULT CHARSET=utf8mb4 COLLATE=utf8mb4_0900_ai_ci;
/*!40101 SET character_set_client = @saved_cs_client */;

--
-- Dumping data for table `contacts`
--

LOCK TABLES `contacts` WRITE;
/*!40000 ALTER TABLE `contacts` DISABLE KEYS */;
/*!40000 ALTER TABLE `contacts` ENABLE KEYS */;
UNLOCK TABLES;

--
-- Table structure for table `products`
--

DROP TABLE IF EXISTS `products`;
/*!40101 SET @saved_cs_client     = @@character_set_client */;
/*!50503 SET character_set_client = utf8mb4 */;
CREATE TABLE `products` (
  `id` char(36) CHARACTER SET utf8mb4 COLLATE utf8mb4_bin NOT NULL,
  `name` varchar(255) NOT NULL,
  `csr_key` text NOT NULL,
  `postman_pem` text NOT NULL,
  `slot_id` int NOT NULL,
  `password` varchar(255) NOT NULL,
  `status` tinyint(1) DEFAULT NULL,
  `call_api` int DEFAULT NULL,
  `count_trial` int DEFAULT NULL,
  `created_at` datetime NOT NULL,
  `updated_at` datetime NOT NULL,
  `deleted_at` datetime DEFAULT NULL,
  `client_id` char(36) CHARACTER SET utf8mb4 COLLATE utf8mb4_bin NOT NULL,
  `key_id` text NOT NULL,
  PRIMARY KEY (`id`),
  UNIQUE KEY `id` (`id`),
  KEY `client_id` (`client_id`),
  CONSTRAINT `products_ibfk_1` FOREIGN KEY (`client_id`) REFERENCES `clients` (`id`) ON DELETE CASCADE ON UPDATE CASCADE
) ENGINE=InnoDB DEFAULT CHARSET=utf8mb4 COLLATE=utf8mb4_0900_ai_ci;
/*!40101 SET character_set_client = @saved_cs_client */;

--
-- Dumping data for table `products`
--

LOCK TABLES `products` WRITE;
/*!40000 ALTER TABLE `products` DISABLE KEYS */;
INSERT INTO `products` VALUES ('39e7cb56-6046-4c93-a708-9fb5377a2598','dummy','-','-',2,'#Sandhiguna1',1,0,100,'2024-12-17 09:07:43','2024-12-17 09:07:43',NULL,'00acfcf2-e3df-48a9-946e-e5862286b6d4','[\n    {\"keypurpose\": \"encryption\", \"keyId\": [\"encryptAES\", \"encryptRSA2048\"]},\n    {\"keypurpose\": \"wrapping\", \"keyId\": [\"wrappingAES\", \"wrappingRSA2048\"]}\n]'),('542b192e-c18f-4cd8-b06f-217e531ac954','trial','air bersih','asep',3,'#Sandhiguna1',1,0,100,'2024-12-17 02:59:39','2024-12-17 02:59:39',NULL,'ca12f236-0e83-4b39-a9c5-f2223e41de24','[\n    {\"keypurpose\": \"encryption\", \"keyId\": [\"encryptAES\", \"encryptRSA2048\"]},\n    {\"keypurpose\": \"wrapping\", \"keyId\": [\"wrappingAES\", \"wrappingRSA2048\"]}\n]'),('b0f943e9-58a2-4ca2-87b2-c3a2961d82ab','wpadmanaAccess','#Sandhiguna1!','#Sandhiguna1!',2,'#Sandhiguna1!',1,0,100,'2024-11-19 03:42:40','2024-11-19 03:42:40',NULL,'f30a2159-e7eb-49b9-a818-bc86c288bdbd','[\n    {\"keypurpose\": \"encryption\", \"keyId\": [\"encryptAES\", \"encryptRSA2048\"]},\n    {\"keypurpose\": \"wrapping\", \"keyId\": [\"wrappingAES\", \"wrappingRSA2048\"]}\n]'),('c058301a-5d9e-4c1f-8a78-3c946363332d','dummy','-','-',2,'#Sandhiguna1',1,0,100,'2024-12-17 09:07:44','2024-12-17 09:07:44',NULL,'00acfcf2-e3df-48a9-946e-e5862286b6d4','[\n    {\"keypurpose\": \"encryption\", \"keyId\": [\"encryptAES\", \"encryptRSA2048\"]},\n    {\"keypurpose\": \"wrapping\", \"keyId\": [\"wrappingAES\", \"wrappingRSA2048\"]}\n]'),('c4c566ba-1a31-4271-8df1-fab7411e4f38','jovan','hbhbj','0jnjnn',2,'#Sandhiguna1',1,0,100,'2025-01-15 03:55:02','2025-01-15 03:55:02',NULL,'b8bf2f91-2921-4475-ad2d-8579c0cde8e3','[\n    {\"keypurpose\": \"encryption\", \"keyId\": [\"encryptAES\", \"encryptRSA2048\"]},\n    {\"keypurpose\": \"wrapping\", \"keyId\": [\"wrappingAES\", \"wrappingRSA2048\"]}\n]'),('e0f9cf3c-7009-444a-8842-e417e389743a','dummy','-','-',2,'#Sandhiguna1',1,0,100,'2024-12-17 09:07:50','2024-12-17 09:07:50',NULL,'00acfcf2-e3df-48a9-946e-e5862286b6d4','[\n    {\"keypurpose\": \"encryption\", \"keyId\": [\"encryptAES\", \"encryptRSA2048\"]},\n    {\"keypurpose\": \"wrapping\", \"keyId\": [\"wrappingAES\", \"wrappingRSA2048\"]}\n]'),('ec6afc7a-f330-4804-82a9-bf061cd692a8','trial','-','-',1,'#Sandhiguna1',1,0,100,'2024-11-12 04:46:02','2024-11-12 04:46:02',NULL,'c867e4fb-8dc3-4abd-a1f2-51fc5b9dc6c7','[\n    {\"keypurpose\": \"encryption\", \"keyId\": [\"encryptAES\", \"encryptRSA2048\"]},\n    {\"keypurpose\": \"wrapping\", \"keyId\": [\"wrappingAES\", \"wrappingRSA2048\"]}\n]'),('f388f272-0bf0-49d2-a41f-070b7cd26911','trial','-','-',2,'#sandhiguna1',1,0,100,'2024-12-16 03:05:34','2024-12-16 03:05:34',NULL,'1b393adf-f287-48c3-aa29-50232e9f27af','[\n    {\"keypurpose\": \"encryption\", \"keyId\": [\"encryptAES\", \"encryptRSA2048\"]},\n    {\"keypurpose\": \"wrapping\", \"keyId\": [\"wrappingAES\", \"wrappingRSA2048\"]}\n]'),('fb4a8b4f-834a-4c38-868a-9f98f7ea4d7c','Trial','-','-',1,'#Sandhiguna1',1,0,100,'2024-11-18 09:29:13','2024-11-18 09:29:13',NULL,'8c4a62d2-0b32-44fc-8445-fd6e2ad76739','[\n    {\"keypurpose\": \"encryption\", \"keyId\": [\"encryptAES\", \"encryptRSA2048\"]},\n    {\"keypurpose\": \"wrapping\", \"keyId\": [\"wrappingAES\", \"wrappingRSA2048\"]}\n]');
/*!40000 ALTER TABLE `products` ENABLE KEYS */;
UNLOCK TABLES;

--
-- Table structure for table `transactions`
--

DROP TABLE IF EXISTS `transactions`;
/*!40101 SET @saved_cs_client     = @@character_set_client */;
/*!50503 SET character_set_client = utf8mb4 */;
CREATE TABLE `transactions` (
  `id` char(36) CHARACTER SET utf8mb4 COLLATE utf8mb4_bin NOT NULL,
  `endpoint` varchar(255) NOT NULL,
  `status` tinyint(1) NOT NULL,
  `create` datetime NOT NULL,
  `created_at` datetime NOT NULL,
  `updated_at` datetime NOT NULL,
  `deleted_at` datetime DEFAULT NULL,
  `product_id` char(36) CHARACTER SET utf8mb4 COLLATE utf8mb4_bin NOT NULL,
  PRIMARY KEY (`id`),
  UNIQUE KEY `id` (`id`),
  KEY `product_id` (`product_id`),
  CONSTRAINT `transactions_ibfk_1` FOREIGN KEY (`product_id`) REFERENCES `products` (`id`) ON DELETE CASCADE ON UPDATE CASCADE
) ENGINE=InnoDB DEFAULT CHARSET=utf8mb4 COLLATE=utf8mb4_0900_ai_ci;
/*!40101 SET character_set_client = @saved_cs_client */;

--
-- Dumping data for table `transactions`
--

LOCK TABLES `transactions` WRITE;
/*!40000 ALTER TABLE `transactions` DISABLE KEYS */;
INSERT INTO `transactions` VALUES ('00592052-e6c0-4ed0-92d4-3f4f821207a4','external-keypair-generate',0,'2024-12-11 10:02:40','2024-12-11 10:02:40','2024-12-11 10:02:40',NULL,'ec6afc7a-f330-4804-82a9-bf061cd692a8'),('0129a21f-c2f2-4219-978b-549f6d7bf383','refresh-session',1,'2024-12-23 07:50:38','2024-12-23 07:50:38','2024-12-23 07:50:38',NULL,'ec6afc7a-f330-4804-82a9-bf061cd692a8'),('016d9b40-80a0-498b-a21e-adfad98a496a','encrypt',1,'2024-12-11 13:52:36','2024-12-11 13:52:36','2024-12-11 13:52:36',NULL,'fb4a8b4f-834a-4c38-868a-9f98f7ea4d7c'),('0190bf06-dbe8-4148-85bd-4f85bba55166','login',1,'2025-05-21 07:30:07','2025-05-21 07:30:07','2025-05-21 07:30:07',NULL,'ec6afc7a-f330-4804-82a9-bf061cd692a8'),('01bfcbc9-61e9-4471-859c-7280535737d7','login',1,'2025-01-24 05:57:36','2025-01-24 05:57:36','2025-01-24 05:57:36',NULL,'ec6afc7a-f330-4804-82a9-bf061cd692a8'),('022ce7c5-bf50-4d33-965d-000cb1443441','login',1,'2024-12-11 14:27:35','2024-12-11 14:27:35','2024-12-11 14:27:35',NULL,'fb4a8b4f-834a-4c38-868a-9f98f7ea4d7c'),('02ba6ac7-2923-4cb9-813f-4420d49670c2','refresh-session',1,'2024-12-16 03:11:44','2024-12-16 03:11:44','2024-12-16 03:11:44',NULL,'f388f272-0bf0-49d2-a41f-070b7cd26911'),('02d33e04-c519-485d-9f11-b2d9dcfee7c7','unseal',0,'2025-05-08 07:16:49','2025-05-08 07:16:49','2025-05-08 07:16:49',NULL,'ec6afc7a-f330-4804-82a9-bf061cd692a8'),('034719d6-3c12-430e-bd3b-8a722cbf61a2','login',1,'2025-01-08 03:20:17','2025-01-08 03:20:17','2025-01-08 03:20:17',NULL,'fb4a8b4f-834a-4c38-868a-9f98f7ea4d7c'),('036e89c3-d7dc-4339-a05e-1e4eb7d5c559','external-keypair-generate',0,'2024-12-11 10:21:33','2024-12-11 10:21:33','2024-12-11 10:21:33',NULL,'fb4a8b4f-834a-4c38-868a-9f98f7ea4d7c'),('036f8ea0-a375-45ce-a8e3-981d7df40371','verify-MAC',1,'2024-12-16 03:34:12','2024-12-16 03:34:12','2024-12-16 03:34:12',NULL,'f388f272-0bf0-49d2-a41f-070b7cd26911'),('03975609-77a0-4a7f-a932-78c55cf23444','external-unseal',0,'2024-12-20 06:34:28','2024-12-20 06:34:28','2024-12-20 06:34:28',NULL,'f388f272-0bf0-49d2-a41f-070b7cd26911'),('04bb4cc8-d99d-4cb1-820c-ec2aa362568f','refresh-session',1,'2024-12-16 03:11:44','2024-12-16 03:11:44','2024-12-16 03:11:44',NULL,'f388f272-0bf0-49d2-a41f-070b7cd26911'),('04dfddc1-a980-4412-905e-9b4f0d7d4728','login',1,'2024-12-12 02:35:33','2024-12-12 02:35:33','2024-12-12 02:35:33',NULL,'fb4a8b4f-834a-4c38-868a-9f98f7ea4d7c'),('051591b5-de8c-470a-881a-ceacbd525452','refresh-session',0,'2024-12-23 07:45:21','2024-12-23 07:45:21','2024-12-23 07:45:21',NULL,'ec6afc7a-f330-4804-82a9-bf061cd692a8'),('05676d39-621e-4808-b562-4cf5f4b2d370','decrypt',1,'2024-12-16 08:15:08','2024-12-16 08:15:08','2024-12-16 08:15:08',NULL,'f388f272-0bf0-49d2-a41f-070b7cd26911'),('05730629-7b34-41bb-a5d3-832f626c1188','login',1,'2024-12-19 04:55:17','2024-12-19 04:55:17','2024-12-19 04:55:17',NULL,'f388f272-0bf0-49d2-a41f-070b7cd26911'),('05a572a4-70eb-479b-8bca-e6d717bd6e8b','login',1,'2024-12-24 03:00:12','2024-12-24 03:00:12','2024-12-24 03:00:12',NULL,'39e7cb56-6046-4c93-a708-9fb5377a2598'),('05a743eb-b465-43cf-b0fa-0bdcee2aac02','login',1,'2024-12-16 08:10:45','2024-12-16 08:10:45','2024-12-16 08:10:45',NULL,'f388f272-0bf0-49d2-a41f-070b7cd26911'),('05e75409-10b1-4927-8151-7ce5ae591968','encrypt',1,'2024-12-16 03:42:30','2024-12-16 03:42:30','2024-12-16 03:42:30',NULL,'f388f272-0bf0-49d2-a41f-070b7cd26911'),('0674f9ab-90cc-4b34-bebc-eabd9e183b77','encrypt',1,'2024-12-16 07:23:28','2024-12-16 07:23:28','2024-12-16 07:23:28',NULL,'f388f272-0bf0-49d2-a41f-070b7cd26911'),('0675901a-27c2-4aa6-abea-4eb2ca8bb268','external-keypair-generate',0,'2024-12-11 10:24:43','2024-12-11 10:24:43','2024-12-11 10:24:43',NULL,'fb4a8b4f-834a-4c38-868a-9f98f7ea4d7c'),('08536243-ee6b-4d49-9112-c6ed4b0b4c41','refresh-session',1,'2024-12-16 03:11:33','2024-12-16 03:11:33','2024-12-16 03:11:33',NULL,'f388f272-0bf0-49d2-a41f-070b7cd26911'),('098fb3c0-8534-487b-b8e9-66c4e136f5f9','login',1,'2025-01-05 01:09:22','2025-01-05 01:09:22','2025-01-05 01:09:22',NULL,'ec6afc7a-f330-4804-82a9-bf061cd692a8'),('0a7a3253-cd18-4c10-8efd-4f8219a00933','verify-MAC',1,'2024-12-16 03:33:25','2024-12-16 03:33:25','2024-12-16 03:33:25',NULL,'f388f272-0bf0-49d2-a41f-070b7cd26911'),('0a7a5ade-090c-45a9-81b5-fb95dd771f75','encrypt',1,'2024-12-12 02:39:11','2024-12-12 02:39:11','2024-12-12 02:39:11',NULL,'fb4a8b4f-834a-4c38-868a-9f98f7ea4d7c'),('0ad635da-ffa7-4d4f-918e-5ba8aedb91aa','external-decrypt',1,'2024-12-20 08:15:13','2024-12-20 08:15:13','2024-12-20 08:15:13',NULL,'f388f272-0bf0-49d2-a41f-070b7cd26911'),('0b3ac124-0723-4cba-a8f2-9030822b592b','encrypt',0,'2024-12-16 03:52:33','2024-12-16 03:52:33','2024-12-16 03:52:33',NULL,'f388f272-0bf0-49d2-a41f-070b7cd26911'),('0b51d5db-1bdb-444b-b9e6-8208f71ae3d2','login',0,'2025-01-08 09:33:43','2025-01-08 09:33:43','2025-01-08 09:33:43',NULL,'f388f272-0bf0-49d2-a41f-070b7cd26911'),('0b780289-f303-4432-930b-1e0b655683c9','cert-sign',0,'2025-06-23 04:07:03','2025-06-23 04:07:03','2025-06-23 04:07:03',NULL,'ec6afc7a-f330-4804-82a9-bf061cd692a8'),('0ba026e1-4ed0-4b4e-86b4-206b9e72e32b','refresh-session',1,'2024-12-11 13:25:46','2024-12-11 13:25:46','2024-12-11 13:25:46',NULL,'fb4a8b4f-834a-4c38-868a-9f98f7ea4d7c'),('0ba7eaaa-379e-43ce-9d06-2589e583e353','login',1,'2025-01-13 09:07:55','2025-01-13 09:07:55','2025-01-13 09:07:55',NULL,'ec6afc7a-f330-4804-82a9-bf061cd692a8'),('0baf68e6-1df4-4ceb-abe6-caa78977ace3','verify-sign',1,'2024-12-16 09:12:06','2024-12-16 09:12:06','2024-12-16 09:12:06',NULL,'f388f272-0bf0-49d2-a41f-070b7cd26911'),('0bebf794-a754-4e53-82ac-6c0c988d59d7','seal',1,'2025-05-07 08:49:09','2025-05-07 08:49:09','2025-05-07 08:49:09',NULL,'ec6afc7a-f330-4804-82a9-bf061cd692a8'),('0beefe8d-c3c9-43b1-b502-eea36473b998','login',1,'2024-12-16 08:10:45','2024-12-16 08:10:45','2024-12-16 08:10:45',NULL,'f388f272-0bf0-49d2-a41f-070b7cd26911'),('0c01bddb-12ed-454c-acb7-e4d25a6bf72e','encrypt',0,'2025-05-07 07:32:32','2025-05-07 07:32:32','2025-05-07 07:32:32',NULL,'ec6afc7a-f330-4804-82a9-bf061cd692a8'),('0c0b79e9-0bec-4506-8ea5-075c3b991b25','external-keypair-generate',0,'2024-12-11 10:18:46','2024-12-11 10:18:46','2024-12-11 10:18:46',NULL,'fb4a8b4f-834a-4c38-868a-9f98f7ea4d7c'),('0c4441e2-53e2-403d-84e9-5a253eb1259d','cert-sign',0,'2025-06-23 04:07:02','2025-06-23 04:07:02','2025-06-23 04:07:02',NULL,'ec6afc7a-f330-4804-82a9-bf061cd692a8'),('0d27e8e8-8351-468e-9569-91434ae389fd','cert-sign',0,'2025-06-23 04:08:45','2025-06-23 04:08:45','2025-06-23 04:08:45',NULL,'ec6afc7a-f330-4804-82a9-bf061cd692a8'),('0d2d8c86-d8f7-4a01-afd7-d2a48ac5e7ed','encrypt',0,'2024-12-16 08:09:58','2024-12-16 08:09:58','2024-12-16 08:09:58',NULL,'f388f272-0bf0-49d2-a41f-070b7cd26911'),('0d384999-af84-4265-b45d-f4517a8d0736','encrypt',1,'2024-12-16 07:41:25','2024-12-16 07:41:25','2024-12-16 07:41:25',NULL,'f388f272-0bf0-49d2-a41f-070b7cd26911'),('0dde72c2-c8cd-4172-9fd7-e52c1f1ff8e4','external-keypair-generate',1,'2024-12-20 06:51:09','2024-12-20 06:51:09','2024-12-20 06:51:09',NULL,'f388f272-0bf0-49d2-a41f-070b7cd26911'),('0e39139e-6e23-4df3-aa38-3b667b7a525d','verify-sign',1,'2024-12-11 14:31:19','2024-12-11 14:31:19','2024-12-11 14:31:19',NULL,'fb4a8b4f-834a-4c38-868a-9f98f7ea4d7c'),('0e508a20-9ac8-41d0-89db-0505c0e3bebc','encrypt',1,'2024-12-16 07:09:31','2024-12-16 07:09:31','2024-12-16 07:09:31',NULL,'f388f272-0bf0-49d2-a41f-070b7cd26911'),('0ef10d69-46d3-4b54-b25e-c02b723f6b73','key-generate',1,'2024-12-17 07:56:13','2024-12-17 07:56:13','2024-12-17 07:56:13',NULL,'f388f272-0bf0-49d2-a41f-070b7cd26911'),('0f7b1aef-4820-49d9-a6e7-16323b65983e','sign',0,'2024-12-16 08:50:15','2024-12-16 08:50:15','2024-12-16 08:50:15',NULL,'f388f272-0bf0-49d2-a41f-070b7cd26911'),('0fe09137-425f-4d2e-80f6-9915f9e269cb','external-sign',0,'2024-12-20 09:10:31','2024-12-20 09:10:31','2024-12-20 09:10:31',NULL,'f388f272-0bf0-49d2-a41f-070b7cd26911'),('10418d34-4ed3-49df-8c3f-605de52e1b47','external-keypair-generate',0,'2024-12-11 10:25:11','2024-12-11 10:25:11','2024-12-11 10:25:11',NULL,'fb4a8b4f-834a-4c38-868a-9f98f7ea4d7c'),('116177e4-758f-4022-9613-d21a2a61afc2','external-keypair-generate',1,'2024-12-17 08:26:19','2024-12-17 08:26:19','2024-12-17 08:26:19',NULL,'f388f272-0bf0-49d2-a41f-070b7cd26911'),('119b8e45-3c20-4f4c-8d8c-28a33d1ffb42','encrypt',0,'2024-12-16 03:43:05','2024-12-16 03:43:05','2024-12-16 03:43:05',NULL,'f388f272-0bf0-49d2-a41f-070b7cd26911'),('11a4a651-ce5f-4a73-a253-e766b1886d53','login',1,'2024-12-16 04:35:33','2024-12-16 04:35:33','2024-12-16 04:35:33',NULL,'fb4a8b4f-834a-4c38-868a-9f98f7ea4d7c'),('11c4d84c-7d6e-4977-add3-81fed2fcbda0','seal',1,'2024-12-16 03:49:58','2024-12-16 03:49:58','2024-12-16 03:49:58',NULL,'f388f272-0bf0-49d2-a41f-070b7cd26911'),('1247f0d3-4c9f-4b63-b2a8-babe5608e2bd','login',1,'2025-01-23 06:47:29','2025-01-23 06:47:29','2025-01-23 06:47:29',NULL,'c4c566ba-1a31-4271-8df1-fab7411e4f38'),('128ac69a-df02-4e56-b234-2f01d2f07c8a','encrypt',0,'2024-12-16 03:52:06','2024-12-16 03:52:06','2024-12-16 03:52:06',NULL,'f388f272-0bf0-49d2-a41f-070b7cd26911'),('1293f650-b7ff-4b37-827e-3608b475c1cb','external-keypair-generate',1,'2024-12-20 07:17:26','2024-12-20 07:17:26','2024-12-20 07:17:26',NULL,'f388f272-0bf0-49d2-a41f-070b7cd26911'),('12bd5266-c613-4a90-81b1-245da56807e9','encrypt',0,'2025-01-14 08:44:51','2025-01-14 08:44:51','2025-01-14 08:44:51',NULL,'ec6afc7a-f330-4804-82a9-bf061cd692a8'),('137923c5-1384-4d67-9f78-5e9355139e0e','refresh-session',1,'2024-12-16 03:11:44','2024-12-16 03:11:44','2024-12-16 03:11:44',NULL,'f388f272-0bf0-49d2-a41f-070b7cd26911'),('137aebf4-2546-436b-9d0f-9f234d72f7ec','refresh-session',1,'2024-12-16 03:11:45','2024-12-16 03:11:45','2024-12-16 03:11:45',NULL,'f388f272-0bf0-49d2-a41f-070b7cd26911'),('13b8fd41-10fc-4d62-b691-251cdb9f70f8','login',1,'2024-12-19 07:28:04','2024-12-19 07:28:04','2024-12-19 07:28:04',NULL,'f388f272-0bf0-49d2-a41f-070b7cd26911'),('13c8f7ad-9789-41ea-9baa-0e6f312bd702','decrypt',0,'2024-11-18 09:37:38','2024-11-18 09:37:38','2024-11-18 09:37:38',NULL,'fb4a8b4f-834a-4c38-868a-9f98f7ea4d7c'),('13d3ce2d-a34f-477c-a5dd-1c3a33fb23f4','external-keypair-generate',0,'2024-12-11 10:20:41','2024-12-11 10:20:41','2024-12-11 10:20:41',NULL,'fb4a8b4f-834a-4c38-868a-9f98f7ea4d7c'),('14227d9e-6b17-4500-9b48-0fcd27c1c4ea','decrypt',1,'2024-12-16 08:15:02','2024-12-16 08:15:02','2024-12-16 08:15:02',NULL,'f388f272-0bf0-49d2-a41f-070b7cd26911'),('14a1f719-e5ca-4112-9789-241752a358e3','decrypt',0,'2024-12-16 04:30:13','2024-12-16 04:30:13','2024-12-16 04:30:13',NULL,'f388f272-0bf0-49d2-a41f-070b7cd26911'),('16a1582c-1eae-43d6-9ad4-ebcb4ecad506','decrypt',0,'2024-12-16 08:08:39','2024-12-16 08:08:39','2024-12-16 08:08:39',NULL,'f388f272-0bf0-49d2-a41f-070b7cd26911'),('16a99b62-c338-4614-afe8-b59674951154','external-keypair-generate',0,'2024-12-20 06:59:57','2024-12-20 06:59:57','2024-12-20 06:59:57',NULL,'f388f272-0bf0-49d2-a41f-070b7cd26911'),('171ecde3-3779-47bc-b1d9-40cb37358e70','external-seal',0,'2024-12-20 06:59:20','2024-12-20 06:59:20','2024-12-20 06:59:20',NULL,'f388f272-0bf0-49d2-a41f-070b7cd26911'),('175e0dec-790e-44fb-9388-18a6c5147dc3','external-keypair-generate',1,'2025-06-26 03:17:51','2025-06-26 03:17:51','2025-06-26 03:17:51',NULL,'f388f272-0bf0-49d2-a41f-070b7cd26911'),('18c1552e-68a9-476d-ba2b-aaa47fcfacc5','detokenize',1,'2025-06-19 08:04:26','2025-06-19 08:04:26','2025-06-19 08:04:26',NULL,'ec6afc7a-f330-4804-82a9-bf061cd692a8'),('18cfe302-5d86-49c1-abb4-20f36f6be3ca','external-sign',0,'2024-12-20 08:55:50','2024-12-20 08:55:50','2024-12-20 08:55:50',NULL,'f388f272-0bf0-49d2-a41f-070b7cd26911'),('1961ea97-883e-40ab-bfcf-2ee77d3b2a82','login',1,'2024-12-29 00:57:35','2024-12-29 00:57:35','2024-12-29 00:57:35',NULL,'ec6afc7a-f330-4804-82a9-bf061cd692a8'),('197b5be2-571d-4c1b-88b2-e0dc8fc8a3af','login',1,'2024-12-17 04:32:17','2024-12-17 04:32:17','2024-12-17 04:32:17',NULL,'f388f272-0bf0-49d2-a41f-070b7cd26911'),('19886412-cae0-4375-b26e-15374385783c','login',0,'2024-12-28 23:54:54','2024-12-28 23:54:54','2024-12-28 23:54:54',NULL,'ec6afc7a-f330-4804-82a9-bf061cd692a8'),('1a1b7b71-7aee-4e57-94c9-d2cd65d6be34','login',1,'2025-06-26 05:01:27','2025-06-26 05:01:27','2025-06-26 05:01:27',NULL,'f388f272-0bf0-49d2-a41f-070b7cd26911'),('1a23418f-6fdb-4432-b29e-d3db3fb70d8e','external-sign',1,'2025-01-09 08:59:54','2025-01-09 08:59:54','2025-01-09 08:59:54',NULL,'f388f272-0bf0-49d2-a41f-070b7cd26911'),('1a3646bc-7b6b-401e-bf8f-4c09ae1fc1dd','encrypt',1,'2024-12-11 14:09:33','2024-12-11 14:09:33','2024-12-11 14:09:33',NULL,'fb4a8b4f-834a-4c38-868a-9f98f7ea4d7c'),('1a9e6a44-3161-4115-8ac2-e003e4beb057','login',0,'2024-11-19 03:58:16','2024-11-19 03:58:16','2024-11-19 03:58:16',NULL,'b0f943e9-58a2-4ca2-87b2-c3a2961d82ab'),('1af0a779-2d94-4f12-99a6-663a9c88c2d0','external-keypair-generate',0,'2024-12-19 07:30:53','2024-12-19 07:30:53','2024-12-19 07:30:53',NULL,'f388f272-0bf0-49d2-a41f-070b7cd26911'),('1af3c628-682b-443e-8605-6f1d352be6bd','login',1,'2024-12-16 07:08:21','2024-12-16 07:08:21','2024-12-16 07:08:21',NULL,'f388f272-0bf0-49d2-a41f-070b7cd26911'),('1b4e59e9-44ac-40eb-8a75-a83167aa06a4','encrypt',1,'2024-12-16 04:02:06','2024-12-16 04:02:06','2024-12-16 04:02:06',NULL,'f388f272-0bf0-49d2-a41f-070b7cd26911'),('1bda9d5a-7fd9-4d6e-a04d-0309a5d7ec09','verify-MAC',1,'2024-12-16 03:28:55','2024-12-16 03:28:55','2024-12-16 03:28:55',NULL,'f388f272-0bf0-49d2-a41f-070b7cd26911'),('1c423dda-3c94-4aa3-b103-d84c4a29073b','sign',0,'2024-12-16 08:51:41','2024-12-16 08:51:41','2024-12-16 08:51:41',NULL,'f388f272-0bf0-49d2-a41f-070b7cd26911'),('1dc6e58b-5a80-42ec-b3ae-9acaa96cf76f','seal',1,'2024-12-16 03:50:32','2024-12-16 03:50:32','2024-12-16 03:50:32',NULL,'f388f272-0bf0-49d2-a41f-070b7cd26911'),('1deadf3b-6f17-4034-b2fb-a81b479eb7a1','external-verify',0,'2024-12-20 08:54:31','2024-12-20 08:54:31','2024-12-20 08:54:31',NULL,'f388f272-0bf0-49d2-a41f-070b7cd26911'),('1df12308-e86d-48ce-b7a9-b69d603c5a5b','login',1,'2024-12-11 14:29:56','2024-12-11 14:29:56','2024-12-11 14:29:56',NULL,'fb4a8b4f-834a-4c38-868a-9f98f7ea4d7c'),('1e05d355-f952-4eab-9c1e-4e6c221182f9','tokenize',0,'2024-12-11 14:22:06','2024-12-11 14:22:06','2024-12-11 14:22:06',NULL,'fb4a8b4f-834a-4c38-868a-9f98f7ea4d7c'),('1e8f1ef9-2b96-4eeb-981d-b7e51ed1c8b9','external-decrypt',1,'2024-12-20 08:23:43','2024-12-20 08:23:43','2024-12-20 08:23:43',NULL,'f388f272-0bf0-49d2-a41f-070b7cd26911'),('1eba2327-fae3-4845-a592-9ea5d408f463','decrypt',1,'2024-12-12 02:41:39','2024-12-12 02:41:39','2024-12-12 02:41:39',NULL,'fb4a8b4f-834a-4c38-868a-9f98f7ea4d7c'),('1f32db80-33ea-486c-8a51-74abbfe293e8','cert-sign',0,'2025-06-26 07:20:06','2025-06-26 07:20:06','2025-06-26 07:20:06',NULL,'f388f272-0bf0-49d2-a41f-070b7cd26911'),('1f3b80b5-5776-40c8-9209-94cffbf7a3a7','external-mac-verify',1,'2024-12-20 03:50:13','2024-12-20 03:50:13','2024-12-20 03:50:13',NULL,'f388f272-0bf0-49d2-a41f-070b7cd26911'),('1f61e793-7c22-494a-9641-5e77af048617','decrypt',0,'2024-12-16 08:08:46','2024-12-16 08:08:46','2024-12-16 08:08:46',NULL,'f388f272-0bf0-49d2-a41f-070b7cd26911'),('1fe63771-8a69-472b-8489-a99e462e1fef','sign',1,'2024-12-16 09:08:13','2024-12-16 09:08:13','2024-12-16 09:08:13',NULL,'f388f272-0bf0-49d2-a41f-070b7cd26911'),('1fe9030d-ccaf-4a06-ac02-40bb81ff8a02','decrypt',0,'2024-12-16 04:15:40','2024-12-16 04:15:40','2024-12-16 04:15:40',NULL,'f388f272-0bf0-49d2-a41f-070b7cd26911'),('20558497-c10f-41be-9e79-4f16aeeafb25','external-sign',0,'2024-12-20 09:04:20','2024-12-20 09:04:20','2024-12-20 09:04:20',NULL,'f388f272-0bf0-49d2-a41f-070b7cd26911'),('20ba42f3-d5cc-4749-b93c-9285a7e861ca','login',1,'2025-01-21 04:19:42','2025-01-21 04:19:42','2025-01-21 04:19:42',NULL,'ec6afc7a-f330-4804-82a9-bf061cd692a8'),('20be4f47-fc3b-4503-9667-c9e175672ef9','cert-sign',0,'2025-06-23 04:07:01','2025-06-23 04:07:01','2025-06-23 04:07:01',NULL,'ec6afc7a-f330-4804-82a9-bf061cd692a8'),('20de85a1-7da0-4259-93ee-499a4408181b','external-keypair-generate',0,'2024-12-11 10:22:58','2024-12-11 10:22:58','2024-12-11 10:22:58',NULL,'fb4a8b4f-834a-4c38-868a-9f98f7ea4d7c'),('21a4a5d4-a58a-4627-a896-cfd6846d6588','key-generate',0,'2024-12-17 06:59:54','2024-12-17 06:59:54','2024-12-17 06:59:54',NULL,'f388f272-0bf0-49d2-a41f-070b7cd26911'),('21a97ad5-5ef4-4733-b864-a21254ee0d59','login',1,'2025-05-06 09:09:39','2025-05-06 09:09:39','2025-05-06 09:09:39',NULL,'ec6afc7a-f330-4804-82a9-bf061cd692a8'),('21ddc79d-ac26-4b64-b093-bf814c05123a','external-keypair-generate',1,'2024-12-11 10:54:08','2024-12-11 10:54:08','2024-12-11 10:54:08',NULL,'fb4a8b4f-834a-4c38-868a-9f98f7ea4d7c'),('22f98197-80f2-4f2a-8c64-f1b788ea6887','unseal',1,'2024-12-16 03:38:50','2024-12-16 03:38:50','2024-12-16 03:38:50',NULL,'f388f272-0bf0-49d2-a41f-070b7cd26911'),('233cb3aa-e2b4-43e3-ac2f-4d28dc1a0c93','login',1,'2024-12-31 09:37:18','2024-12-31 09:37:18','2024-12-31 09:37:18',NULL,'ec6afc7a-f330-4804-82a9-bf061cd692a8'),('236ee94b-b58c-4423-8ab1-3f9258cf3c17','random-number',1,'2024-12-16 03:12:21','2024-12-16 03:12:21','2024-12-16 03:12:21',NULL,'f388f272-0bf0-49d2-a41f-070b7cd26911'),('236f7dd3-1c39-4966-985f-c07d6084f02b','login',1,'2024-12-16 04:13:20','2024-12-16 04:13:20','2024-12-16 04:13:20',NULL,'f388f272-0bf0-49d2-a41f-070b7cd26911'),('2460c71a-1ef0-4d18-a06f-2b2ed33ea4c7','sign',0,'2024-12-16 08:51:38','2024-12-16 08:51:38','2024-12-16 08:51:38',NULL,'f388f272-0bf0-49d2-a41f-070b7cd26911'),('24a1f27e-68af-4ae8-b982-020044e30b3c','external-unseal',0,'2024-12-20 06:34:34','2024-12-20 06:34:34','2024-12-20 06:34:34',NULL,'f388f272-0bf0-49d2-a41f-070b7cd26911'),('24a510f7-dd1f-4cbd-a658-0f3b9ff79d53','login',1,'2025-01-09 08:06:16','2025-01-09 08:06:16','2025-01-09 08:06:16',NULL,'f388f272-0bf0-49d2-a41f-070b7cd26911'),('24d23e17-f975-46ae-94c9-4a8e94989a6f','external-verify',1,'2024-12-20 09:20:25','2024-12-20 09:20:25','2024-12-20 09:20:25',NULL,'f388f272-0bf0-49d2-a41f-070b7cd26911'),('2554e0aa-c8de-40ba-a9dc-ef97e7a06971','verify-MAC',1,'2024-12-16 03:31:53','2024-12-16 03:31:53','2024-12-16 03:31:53',NULL,'f388f272-0bf0-49d2-a41f-070b7cd26911'),('25a0a015-85d7-49b2-8ff3-c1c8aa1cb140','decrypt',1,'2024-12-16 07:22:42','2024-12-16 07:22:42','2024-12-16 07:22:42',NULL,'f388f272-0bf0-49d2-a41f-070b7cd26911'),('2647463b-c08a-4a54-9a55-0d692a12c56b','encrypt',1,'2024-12-16 07:12:44','2024-12-16 07:12:44','2024-12-16 07:12:44',NULL,'f388f272-0bf0-49d2-a41f-070b7cd26911'),('265203e6-0743-4032-8735-cfaa5ffc0e78','decrypt',1,'2024-12-16 08:06:30','2024-12-16 08:06:30','2024-12-16 08:06:30',NULL,'f388f272-0bf0-49d2-a41f-070b7cd26911'),('268409ac-f112-424b-8e0d-f29d6d19075e','refresh-session',1,'2024-12-16 03:11:44','2024-12-16 03:11:44','2024-12-16 03:11:44',NULL,'f388f272-0bf0-49d2-a41f-070b7cd26911'),('26aac3bb-9fe7-457c-bafd-089e4672db08','login',1,'2024-12-11 09:45:21','2024-12-11 09:45:21','2024-12-11 09:45:21',NULL,'ec6afc7a-f330-4804-82a9-bf061cd692a8'),('26d773c6-57cb-4079-9221-7c3f8c7054eb','external-unseal',0,'2024-12-20 06:34:34','2024-12-20 06:34:34','2024-12-20 06:34:34',NULL,'f388f272-0bf0-49d2-a41f-070b7cd26911'),('2789cbd7-9ab8-4b53-8d62-3f6231871517','generate-MAC',1,'2024-12-16 03:17:25','2024-12-16 03:17:25','2024-12-16 03:17:25',NULL,'f388f272-0bf0-49d2-a41f-070b7cd26911'),('27b5a25c-902a-4065-b1ca-a9366249d9ac','detokenize',1,'2024-12-16 08:45:25','2024-12-16 08:45:25','2024-12-16 08:45:25',NULL,'f388f272-0bf0-49d2-a41f-070b7cd26911'),('27e164c7-6769-4ccc-8ed4-b571a9994dae','login',1,'2024-12-29 04:39:47','2024-12-29 04:39:47','2024-12-29 04:39:47',NULL,'ec6afc7a-f330-4804-82a9-bf061cd692a8'),('27f8e82a-a355-4cd3-98ac-0c377b4488b0','login',1,'2024-12-20 08:56:57','2024-12-20 08:56:57','2024-12-20 08:56:57',NULL,'f388f272-0bf0-49d2-a41f-070b7cd26911'),('28cf2a53-b31d-43a9-a1fb-0d9958f1a9f0','external-verify',0,'2024-12-20 08:54:39','2024-12-20 08:54:39','2024-12-20 08:54:39',NULL,'f388f272-0bf0-49d2-a41f-070b7cd26911'),('295fac7d-3e1e-454a-ad67-9c75b77ab243','encrypt',0,'2024-12-16 03:47:00','2024-12-16 03:47:00','2024-12-16 03:47:00',NULL,'f388f272-0bf0-49d2-a41f-070b7cd26911'),('2969b432-ce1d-4bec-a949-f7bfbd1b9e37','login',1,'2024-12-11 23:36:09','2024-12-11 23:36:09','2024-12-11 23:36:09',NULL,'fb4a8b4f-834a-4c38-868a-9f98f7ea4d7c'),('2aa134f8-0722-4939-bad9-09d673440528','external-keypair-generate',1,'2024-12-20 09:11:19','2024-12-20 09:11:19','2024-12-20 09:11:19',NULL,'f388f272-0bf0-49d2-a41f-070b7cd26911'),('2af31cde-b321-43be-a28e-5621640fa51f','login',1,'2024-12-11 13:23:34','2024-12-11 13:23:34','2024-12-11 13:23:34',NULL,'fb4a8b4f-834a-4c38-868a-9f98f7ea4d7c'),('2b54c4cd-b4b5-4553-8a82-2b9766a61112','decrypt',0,'2024-11-15 10:16:37','2024-11-15 10:16:37','2024-11-15 10:16:37',NULL,'ec6afc7a-f330-4804-82a9-bf061cd692a8'),('2b6223b3-57ef-4b42-a8e0-0058c608f2ca','decrypt',1,'2024-12-16 08:13:06','2024-12-16 08:13:06','2024-12-16 08:13:06',NULL,'f388f272-0bf0-49d2-a41f-070b7cd26911'),('2b96bb82-931f-49b1-a74f-6a4db62f3fea','refresh-session',1,'2024-12-16 03:11:33','2024-12-16 03:11:33','2024-12-16 03:11:33',NULL,'f388f272-0bf0-49d2-a41f-070b7cd26911'),('2ba3a86e-ca39-4f59-9e9f-c1568bd2dcc7','external-mac-verify',0,'2024-12-20 03:51:01','2024-12-20 03:51:01','2024-12-20 03:51:01',NULL,'f388f272-0bf0-49d2-a41f-070b7cd26911'),('2c9bfdd7-15eb-4b4b-9065-402881a86058','external-encrypt',1,'2025-06-29 04:48:40','2025-06-29 04:48:40','2025-06-29 04:48:40',NULL,'ec6afc7a-f330-4804-82a9-bf061cd692a8'),('2cad2acb-1d4b-413a-9e84-047d8b9a275b','external-sign',0,'2024-12-20 09:06:11','2024-12-20 09:06:11','2024-12-20 09:06:11',NULL,'f388f272-0bf0-49d2-a41f-070b7cd26911'),('2ccd1f0d-2ed4-4d3a-a46a-5a42e3ac4c5c','external-unseal',0,'2024-12-20 06:32:11','2024-12-20 06:32:11','2024-12-20 06:32:11',NULL,'f388f272-0bf0-49d2-a41f-070b7cd26911'),('2d5fb5b5-cdc6-47d7-b18d-d8ed7d1c3082','external-encrypt',1,'2024-12-20 08:12:06','2024-12-20 08:12:06','2024-12-20 08:12:06',NULL,'f388f272-0bf0-49d2-a41f-070b7cd26911'),('2ebabd6b-f9e6-4d58-8642-22958f912157','login',1,'2025-01-14 15:17:34','2025-01-14 15:17:34','2025-01-14 15:17:34',NULL,'ec6afc7a-f330-4804-82a9-bf061cd692a8'),('2ec6a37c-6522-49c1-bb0e-a87bb3085529','verify-MAC',1,'2024-12-11 13:48:23','2024-12-11 13:48:23','2024-12-11 13:48:23',NULL,'fb4a8b4f-834a-4c38-868a-9f98f7ea4d7c'),('2ed367c8-75aa-4c04-b4af-73ed4050235d','seal',1,'2025-05-08 08:32:06','2025-05-08 08:32:06','2025-05-08 08:32:06',NULL,'ec6afc7a-f330-4804-82a9-bf061cd692a8'),('2eec8055-0b5d-456a-92b2-9f988da73464','login',0,'2025-01-15 02:52:25','2025-01-15 02:52:25','2025-01-15 02:52:25',NULL,'ec6afc7a-f330-4804-82a9-bf061cd692a8'),('2f239543-4141-4f36-a88b-05f1e818f0d7','external-keypair-generate',1,'2024-12-20 08:52:59','2024-12-20 08:52:59','2024-12-20 08:52:59',NULL,'f388f272-0bf0-49d2-a41f-070b7cd26911'),('2f34b193-f1d4-427e-93ee-58cc7be176df','external-encrypt',0,'2024-12-11 23:59:01','2024-12-11 23:59:01','2024-12-11 23:59:01',NULL,'fb4a8b4f-834a-4c38-868a-9f98f7ea4d7c'),('30081c70-be6d-4bdb-a7d2-d20e3bf02784','sign',0,'2024-12-16 08:48:40','2024-12-16 08:48:40','2024-12-16 08:48:40',NULL,'f388f272-0bf0-49d2-a41f-070b7cd26911'),('30374cb3-aeef-435a-87aa-9c61c52630ab','login',1,'2025-01-08 09:38:26','2025-01-08 09:38:26','2025-01-08 09:38:26',NULL,'f388f272-0bf0-49d2-a41f-070b7cd26911'),('3060a3ce-b40e-4f89-983b-9a0b5ee2a8fc','encrypt',0,'2025-01-14 08:44:32','2025-01-14 08:44:32','2025-01-14 08:44:32',NULL,'ec6afc7a-f330-4804-82a9-bf061cd692a8'),('30964b52-2648-41cc-937a-e8bde910f13b','random-number',1,'2025-06-18 03:09:50','2025-06-18 03:09:50','2025-06-18 03:09:50',NULL,'ec6afc7a-f330-4804-82a9-bf061cd692a8'),('31535e16-07d0-4081-903a-1363be63fea2','encrypt',0,'2025-05-07 06:46:20','2025-05-07 06:46:20','2025-05-07 06:46:20',NULL,'ec6afc7a-f330-4804-82a9-bf061cd692a8'),('31b27c9e-a3d9-46df-86be-8a7a226fd2be','login',1,'2025-01-13 03:18:37','2025-01-13 03:18:37','2025-01-13 03:18:37',NULL,'ec6afc7a-f330-4804-82a9-bf061cd692a8'),('3257b50e-a7d2-47bc-bf48-e67364ee9ef0','external-seal',0,'2024-12-11 23:55:05','2024-12-11 23:55:05','2024-12-11 23:55:05',NULL,'fb4a8b4f-834a-4c38-868a-9f98f7ea4d7c'),('32b93fa7-b817-4895-b104-248e6564562d','refresh-session',1,'2024-12-16 03:11:45','2024-12-16 03:11:45','2024-12-16 03:11:45',NULL,'f388f272-0bf0-49d2-a41f-070b7cd26911'),('3316531d-8b36-40ec-ac7b-78f84e4500c8','login',0,'2024-11-19 03:51:38','2024-11-19 03:51:38','2024-11-19 03:51:38',NULL,'b0f943e9-58a2-4ca2-87b2-c3a2961d82ab'),('33207e4c-4b68-429e-a258-01f1beb24c83','external-keypair-generate',0,'2024-12-11 10:22:56','2024-12-11 10:22:56','2024-12-11 10:22:56',NULL,'fb4a8b4f-834a-4c38-868a-9f98f7ea4d7c'),('3422dee3-0869-48b7-b3a8-11dcffdd2b4c','login',1,'2025-01-02 01:12:55','2025-01-02 01:12:55','2025-01-02 01:12:55',NULL,'ec6afc7a-f330-4804-82a9-bf061cd692a8'),('36aa1c02-5d53-4453-b73f-354561af55a2','login',1,'2025-05-05 04:40:22','2025-05-05 04:40:22','2025-05-05 04:40:22',NULL,'ec6afc7a-f330-4804-82a9-bf061cd692a8'),('36ae46eb-7d87-4be3-b39a-d146dde24b5c','seal',1,'2025-05-07 07:57:25','2025-05-07 07:57:25','2025-05-07 07:57:25',NULL,'ec6afc7a-f330-4804-82a9-bf061cd692a8'),('36b6c8f8-e637-4bc9-a673-ea1556de37fa','decrypt',0,'2024-12-16 04:22:15','2024-12-16 04:22:15','2024-12-16 04:22:15',NULL,'f388f272-0bf0-49d2-a41f-070b7cd26911'),('370005e5-773b-46bc-b719-a5b0242d3578','external-decrypt',0,'2024-12-20 08:18:21','2024-12-20 08:18:21','2024-12-20 08:18:21',NULL,'f388f272-0bf0-49d2-a41f-070b7cd26911'),('37308a64-df91-4382-9253-0cfb42ecb4e2','login',1,'2024-12-20 03:47:32','2024-12-20 03:47:32','2024-12-20 03:47:32',NULL,'f388f272-0bf0-49d2-a41f-070b7cd26911'),('37b1c14d-8849-4b95-b47e-a4b87f31ee0f','login',1,'2024-12-19 06:55:08','2024-12-19 06:55:08','2024-12-19 06:55:08',NULL,'f388f272-0bf0-49d2-a41f-070b7cd26911'),('37ea5d94-fe5b-4a9c-94c4-c100cd293bf2','external-seal',0,'2024-12-20 07:15:48','2024-12-20 07:15:48','2024-12-20 07:15:48',NULL,'f388f272-0bf0-49d2-a41f-070b7cd26911'),('37fbb004-b891-43f4-97ae-b53a1e82fac8','external-seal',0,'2024-12-20 06:47:52','2024-12-20 06:47:52','2024-12-20 06:47:52',NULL,'f388f272-0bf0-49d2-a41f-070b7cd26911'),('38039244-76d1-4c06-ae97-515ccb4febbd','login',1,'2024-12-16 03:46:06','2024-12-16 03:46:06','2024-12-16 03:46:06',NULL,'f388f272-0bf0-49d2-a41f-070b7cd26911'),('3875d7f2-d4d8-45f7-9dbb-d5c5e1227a3a','decrypt',0,'2024-12-16 04:12:57','2024-12-16 04:12:57','2024-12-16 04:12:57',NULL,'f388f272-0bf0-49d2-a41f-070b7cd26911'),('38e784d3-7c1f-4315-9fce-11438dcf0976','login',1,'2025-01-06 02:30:15','2025-01-06 02:30:15','2025-01-06 02:30:15',NULL,'ec6afc7a-f330-4804-82a9-bf061cd692a8'),('398bf509-df5b-4d6e-a35e-959f73949104','encrypt',1,'2024-12-16 07:17:13','2024-12-16 07:17:13','2024-12-16 07:17:13',NULL,'f388f272-0bf0-49d2-a41f-070b7cd26911'),('39dd0d81-1d36-4f3b-8515-7312c58e27f7','external-mac-verify',0,'2024-12-11 23:50:16','2024-12-11 23:50:16','2024-12-11 23:50:16',NULL,'fb4a8b4f-834a-4c38-868a-9f98f7ea4d7c'),('3a63834b-8080-4143-a7a9-7ed8ee384bb6','login',1,'2024-12-29 06:44:24','2024-12-29 06:44:24','2024-12-29 06:44:24',NULL,'ec6afc7a-f330-4804-82a9-bf061cd692a8'),('3a7c4e7d-ee65-4b27-931c-7582837b3a2e','login',1,'2025-01-05 01:10:19','2025-01-05 01:10:19','2025-01-05 01:10:19',NULL,'ec6afc7a-f330-4804-82a9-bf061cd692a8'),('3ac0aa59-36d5-4920-bbf3-9fae4719fcdb','external-mac-generate',1,'2024-12-11 23:51:28','2024-12-11 23:51:28','2024-12-11 23:51:28',NULL,'fb4a8b4f-834a-4c38-868a-9f98f7ea4d7c'),('3b11ad2b-c165-4702-aa4c-3545367b919d','login',1,'2025-01-05 01:10:29','2025-01-05 01:10:29','2025-01-05 01:10:29',NULL,'ec6afc7a-f330-4804-82a9-bf061cd692a8'),('3b4e30e5-e922-47a3-b123-96b4d965651a','external-keypair-generate',0,'2024-12-11 10:22:11','2024-12-11 10:22:11','2024-12-11 10:22:11',NULL,'fb4a8b4f-834a-4c38-868a-9f98f7ea4d7c'),('3b5760f5-600f-4a8e-8ef5-bed6597ab5e9','external-sign',0,'2024-12-20 08:55:50','2024-12-20 08:55:50','2024-12-20 08:55:50',NULL,'f388f272-0bf0-49d2-a41f-070b7cd26911'),('3b6d1997-e74c-4df8-acfa-c743490d8cda','external-sign',0,'2024-12-20 08:58:27','2024-12-20 08:58:27','2024-12-20 08:58:27',NULL,'f388f272-0bf0-49d2-a41f-070b7cd26911'),('3bd14b01-e0f1-49b9-8fca-6595faa29502','external-keypair-generate',0,'2024-12-11 09:54:41','2024-12-11 09:54:41','2024-12-11 09:54:41',NULL,'ec6afc7a-f330-4804-82a9-bf061cd692a8'),('3c02d103-b3a1-4b04-9551-d29c020f5b7d','refresh-session',1,'2025-01-15 02:53:57','2025-01-15 02:53:57','2025-01-15 02:53:57',NULL,'ec6afc7a-f330-4804-82a9-bf061cd692a8'),('3cc8f4c3-b1d7-4dca-8c78-542c3dd3ced2','encrypt',1,'2024-12-16 07:41:29','2024-12-16 07:41:29','2024-12-16 07:41:29',NULL,'f388f272-0bf0-49d2-a41f-070b7cd26911'),('3cce4a77-6afa-4363-a3cf-e1e44db2e05d','login',1,'2025-01-10 04:05:07','2025-01-10 04:05:07','2025-01-10 04:05:07',NULL,'ec6afc7a-f330-4804-82a9-bf061cd692a8'),('3cf3e31f-0ee8-43a8-9d92-e3f6950aa54d','verify-MAC',1,'2024-12-16 03:30:46','2024-12-16 03:30:46','2024-12-16 03:30:46',NULL,'f388f272-0bf0-49d2-a41f-070b7cd26911'),('3d1f9053-558d-47ec-86cb-aef71cbddb59','decrypt',1,'2024-12-16 04:17:53','2024-12-16 04:17:53','2024-12-16 04:17:53',NULL,'f388f272-0bf0-49d2-a41f-070b7cd26911'),('3d3d3658-fc77-4368-ad26-21072c664583','login',0,'2025-01-08 09:33:42','2025-01-08 09:33:42','2025-01-08 09:33:42',NULL,'f388f272-0bf0-49d2-a41f-070b7cd26911'),('3dd9f510-3a1b-4f98-8e8c-55af9a0cc012','encrypt',1,'2024-12-16 04:00:17','2024-12-16 04:00:17','2024-12-16 04:00:17',NULL,'f388f272-0bf0-49d2-a41f-070b7cd26911'),('3e096a60-e74c-40e9-ae56-da9820b6c25d','encrypt',0,'2024-12-16 04:21:14','2024-12-16 04:21:14','2024-12-16 04:21:14',NULL,'f388f272-0bf0-49d2-a41f-070b7cd26911'),('3e6718a7-0b6c-4ade-82e4-c1e0fa1e4b86','login',1,'2024-12-20 03:05:14','2024-12-20 03:05:14','2024-12-20 03:05:14',NULL,'f388f272-0bf0-49d2-a41f-070b7cd26911'),('3eef08a5-da19-4953-afbc-d64bf28b8974','external-seal',0,'2024-12-20 06:46:40','2024-12-20 06:46:40','2024-12-20 06:46:40',NULL,'f388f272-0bf0-49d2-a41f-070b7cd26911'),('3f2efc9c-4500-46c9-ad09-f552bc00abb2','login',0,'2025-05-07 07:17:45','2025-05-07 07:17:45','2025-05-07 07:17:45',NULL,'ec6afc7a-f330-4804-82a9-bf061cd692a8'),('3f5fd1af-b1c5-4268-a254-d8e47eb97416','login',1,'2024-12-11 13:46:31','2024-12-11 13:46:31','2024-12-11 13:46:31',NULL,'ec6afc7a-f330-4804-82a9-bf061cd692a8'),('3f9d4fde-b8de-4a13-b55f-f0a3d2042ca8','external-keypair-generate',1,'2024-12-20 06:45:31','2024-12-20 06:45:31','2024-12-20 06:45:31',NULL,'f388f272-0bf0-49d2-a41f-070b7cd26911'),('3fac7855-df92-4c80-808f-162ddaf6b566','seal',1,'2024-12-16 03:50:44','2024-12-16 03:50:44','2024-12-16 03:50:44',NULL,'f388f272-0bf0-49d2-a41f-070b7cd26911'),('402740a4-e281-4810-81ac-8cde2ece9837','external-seal',0,'2024-12-20 06:47:58','2024-12-20 06:47:58','2024-12-20 06:47:58',NULL,'f388f272-0bf0-49d2-a41f-070b7cd26911'),('40928cce-daa4-48ec-8691-05a921bfc01a','encrypt',1,'2024-12-11 11:28:02','2024-12-11 11:28:02','2024-12-11 11:28:02',NULL,'fb4a8b4f-834a-4c38-868a-9f98f7ea4d7c'),('40e49a30-b3bc-402f-aacf-6d91582b15f7','external-keypair-generate',0,'2024-12-11 10:21:30','2024-12-11 10:21:30','2024-12-11 10:21:30',NULL,'fb4a8b4f-834a-4c38-868a-9f98f7ea4d7c'),('41123d0b-3a6a-4868-bde0-6723b290fbc9','external-tokenize',0,'2024-12-11 10:43:54','2024-12-11 10:43:54','2024-12-11 10:43:54',NULL,'ec6afc7a-f330-4804-82a9-bf061cd692a8'),('41c079a7-28da-424f-ba9d-e7b584247855','login',1,'2024-12-04 10:38:37','2024-12-04 10:38:37','2024-12-04 10:38:37',NULL,'ec6afc7a-f330-4804-82a9-bf061cd692a8'),('41df1dc8-97a0-44ee-9a62-48325e9e3b97','decrypt',0,'2024-12-16 08:08:46','2024-12-16 08:08:46','2024-12-16 08:08:46',NULL,'f388f272-0bf0-49d2-a41f-070b7cd26911'),('41fe7ddb-e243-419c-9fd2-b4ccdd1fa606','cert-sign',0,'2025-06-26 07:20:02','2025-06-26 07:20:02','2025-06-26 07:20:02',NULL,'f388f272-0bf0-49d2-a41f-070b7cd26911'),('420e19f6-bd37-4dbe-b1d4-9312b242adc3','unseal',0,'2025-05-08 06:56:28','2025-05-08 06:56:28','2025-05-08 06:56:28',NULL,'ec6afc7a-f330-4804-82a9-bf061cd692a8'),('4225a951-a5e2-491c-9848-323bfdabf71d','external-seal',0,'2024-12-20 06:49:02','2024-12-20 06:49:02','2024-12-20 06:49:02',NULL,'f388f272-0bf0-49d2-a41f-070b7cd26911'),('428fcbba-0f5c-4ed8-b9b0-cc27bff4b75e','sign',0,'2024-12-16 08:50:21','2024-12-16 08:50:21','2024-12-16 08:50:21',NULL,'f388f272-0bf0-49d2-a41f-070b7cd26911'),('42cab6a3-82ea-4965-8369-8316e53ab67e','sign',0,'2024-12-16 08:50:33','2024-12-16 08:50:33','2024-12-16 08:50:33',NULL,'f388f272-0bf0-49d2-a41f-070b7cd26911'),('42d88101-5673-40ad-bd2a-6b220a0f4bc9','external-sign',1,'2024-12-11 10:57:45','2024-12-11 10:57:45','2024-12-11 10:57:45',NULL,'fb4a8b4f-834a-4c38-868a-9f98f7ea4d7c'),('4394189d-c961-4667-ba32-c40cc0873cbf','login',1,'2025-05-07 07:28:20','2025-05-07 07:28:20','2025-05-07 07:28:20',NULL,'ec6afc7a-f330-4804-82a9-bf061cd692a8'),('43e5ea3b-6fa8-4c4e-8080-61050bb09a47','login',1,'2024-12-16 04:13:50','2024-12-16 04:13:50','2024-12-16 04:13:50',NULL,'f388f272-0bf0-49d2-a41f-070b7cd26911'),('441c203e-6b52-4f5f-9071-ca99c9aeb8f3','verify-MAC',0,'2024-12-16 03:22:56','2024-12-16 03:22:56','2024-12-16 03:22:56',NULL,'f388f272-0bf0-49d2-a41f-070b7cd26911'),('448a0aec-acc0-4f2f-9414-76c636a273e8','login',1,'2024-11-18 02:12:57','2024-11-18 02:12:57','2024-11-18 02:12:57',NULL,'ec6afc7a-f330-4804-82a9-bf061cd692a8'),('44e46266-2f7c-4f11-b891-f58a0ce82ea1','sign',1,'2024-12-11 14:25:43','2024-12-11 14:25:43','2024-12-11 14:25:43',NULL,'fb4a8b4f-834a-4c38-868a-9f98f7ea4d7c'),('45518d00-2729-4e2f-b350-e181c2a3125d','decrypt',0,'2024-12-16 04:24:14','2024-12-16 04:24:14','2024-12-16 04:24:14',NULL,'f388f272-0bf0-49d2-a41f-070b7cd26911'),('467a4d6c-af6f-447b-9572-7d81984bf1df','sign',0,'2024-12-11 14:28:16','2024-12-11 14:28:16','2024-12-11 14:28:16',NULL,'fb4a8b4f-834a-4c38-868a-9f98f7ea4d7c'),('46a53f6d-b74f-4627-9333-1d970acaa5c8','external-keypair-generate',1,'2024-12-20 08:59:32','2024-12-20 08:59:32','2024-12-20 08:59:32',NULL,'f388f272-0bf0-49d2-a41f-070b7cd26911'),('46b3982e-7e3f-4ca5-a3f5-cd1167a790de','external-sign',1,'2024-12-20 09:12:22','2024-12-20 09:12:22','2024-12-20 09:12:22',NULL,'f388f272-0bf0-49d2-a41f-070b7cd26911'),('470251b2-0159-43eb-ad34-526025c0a4cf','seal',1,'2024-12-11 11:16:24','2024-12-11 11:16:24','2024-12-11 11:16:24',NULL,'fb4a8b4f-834a-4c38-868a-9f98f7ea4d7c'),('4722dd6f-03f8-486c-b6ce-e8efae570ddc','external-seal',0,'2024-12-12 01:39:26','2024-12-12 01:39:26','2024-12-12 01:39:26',NULL,'fb4a8b4f-834a-4c38-868a-9f98f7ea4d7c'),('4767b13a-244e-41b3-a4c7-ad9f8e070f27','cert-sign',0,'2025-06-23 04:06:44','2025-06-23 04:06:44','2025-06-23 04:06:44',NULL,'ec6afc7a-f330-4804-82a9-bf061cd692a8'),('47c54cbc-a017-44e9-b46b-cafd4ad49e6f','verify-sign',0,'2024-12-11 14:26:39','2024-12-11 14:26:39','2024-12-11 14:26:39',NULL,'fb4a8b4f-834a-4c38-868a-9f98f7ea4d7c'),('47fe2da3-7f5f-4994-8c9f-d6d8bd906b42','external-mac-verify',1,'2024-12-20 03:52:51','2024-12-20 03:52:51','2024-12-20 03:52:51',NULL,'f388f272-0bf0-49d2-a41f-070b7cd26911'),('494961fc-a850-40b7-be0b-fd830ee7aff0','tokenize',0,'2024-12-11 14:17:29','2024-12-11 14:17:29','2024-12-11 14:17:29',NULL,'fb4a8b4f-834a-4c38-868a-9f98f7ea4d7c'),('4964e4aa-ec3c-47ef-91ee-be5b04f59647','login',0,'2025-01-08 09:33:43','2025-01-08 09:33:43','2025-01-08 09:33:43',NULL,'f388f272-0bf0-49d2-a41f-070b7cd26911'),('49bd5039-213d-4d45-b454-4acfabb4a7db','login',1,'2024-12-17 06:10:04','2024-12-17 06:10:04','2024-12-17 06:10:04',NULL,'f388f272-0bf0-49d2-a41f-070b7cd26911'),('49f95981-a7cb-4594-af2e-a32ab1a642a8','generate-MAC',1,'2024-12-16 03:28:06','2024-12-16 03:28:06','2024-12-16 03:28:06',NULL,'f388f272-0bf0-49d2-a41f-070b7cd26911'),('4a2cbd6a-b8fd-4049-b511-55a40bbe665c','external-seal',0,'2024-12-11 10:13:43','2024-12-11 10:13:43','2024-12-11 10:13:43',NULL,'ec6afc7a-f330-4804-82a9-bf061cd692a8'),('4a59dcd9-1ade-4ee2-b7bb-f659d658c26d','login',1,'2024-12-12 01:58:08','2024-12-12 01:58:08','2024-12-12 01:58:08',NULL,'ec6afc7a-f330-4804-82a9-bf061cd692a8'),('4a797a68-afb1-462e-8025-43dbc13a71c0','external-seal',1,'2024-12-11 23:53:25','2024-12-11 23:53:25','2024-12-11 23:53:25',NULL,'fb4a8b4f-834a-4c38-868a-9f98f7ea4d7c'),('4a8d2175-8d8b-4343-a85a-6bb66edd5eb5','encrypt',0,'2024-12-16 08:09:47','2024-12-16 08:09:47','2024-12-16 08:09:47',NULL,'f388f272-0bf0-49d2-a41f-070b7cd26911'),('4abd351c-e6bc-45d5-a5d6-2bdc0fb414a0','seal',1,'2025-05-08 06:58:33','2025-05-08 06:58:33','2025-05-08 06:58:33',NULL,'ec6afc7a-f330-4804-82a9-bf061cd692a8'),('4b52879e-6715-4d08-bb0c-9c233a212a83','login',1,'2024-12-30 01:44:02','2024-12-30 01:44:02','2024-12-30 01:44:02',NULL,'ec6afc7a-f330-4804-82a9-bf061cd692a8'),('4b58d402-0050-4671-88ea-51423ea367d1','login',0,'2025-06-26 05:01:14','2025-06-26 05:01:14','2025-06-26 05:01:14',NULL,'f388f272-0bf0-49d2-a41f-070b7cd26911'),('4c0bd7c4-4e90-45ae-ae7d-6b09a2e4fc6c','seal',1,'2024-12-16 03:37:46','2024-12-16 03:37:46','2024-12-16 03:37:46',NULL,'f388f272-0bf0-49d2-a41f-070b7cd26911'),('4c85f7d5-0927-4c60-8d03-1d7879a3fa31','seal',1,'2024-12-11 11:08:49','2024-12-11 11:08:49','2024-12-11 11:08:49',NULL,'fb4a8b4f-834a-4c38-868a-9f98f7ea4d7c'),('4d204997-1a29-4540-80c9-b5e48590a766','encrypt',0,'2024-11-15 10:14:44','2024-11-15 10:14:44','2024-11-15 10:14:44',NULL,'ec6afc7a-f330-4804-82a9-bf061cd692a8'),('4d44b0d0-78f5-4ee6-923d-ff139a902a53','login',1,'2025-01-13 06:29:43','2025-01-13 06:29:43','2025-01-13 06:29:43',NULL,'ec6afc7a-f330-4804-82a9-bf061cd692a8'),('4d69eb59-0423-4237-a253-b9b454f67ee9','external-verify',0,'2024-12-20 09:01:16','2024-12-20 09:01:16','2024-12-20 09:01:16',NULL,'f388f272-0bf0-49d2-a41f-070b7cd26911'),('4d75aa9e-1745-4fb8-bdcd-9340338577b5','external-keypair-generate',0,'2024-12-11 09:52:53','2024-12-11 09:52:53','2024-12-11 09:52:53',NULL,'ec6afc7a-f330-4804-82a9-bf061cd692a8'),('4e851a45-174b-48f8-9890-20b29d116927','login',0,'2024-11-19 03:58:07','2024-11-19 03:58:07','2024-11-19 03:58:07',NULL,'b0f943e9-58a2-4ca2-87b2-c3a2961d82ab'),('4eca4572-28a1-42b8-9323-026441310e7f','external-mac-generate',0,'2024-12-20 03:47:09','2024-12-20 03:47:09','2024-12-20 03:47:09',NULL,'f388f272-0bf0-49d2-a41f-070b7cd26911'),('4ef52c7f-3c38-4803-acb5-c8d83aa70f59','random-number',1,'2024-12-11 13:28:27','2024-12-11 13:28:27','2024-12-11 13:28:27',NULL,'fb4a8b4f-834a-4c38-868a-9f98f7ea4d7c'),('4f5b4cee-3a94-4b3f-99f8-4931d24450d1','external-seal',1,'2024-12-20 04:01:44','2024-12-20 04:01:44','2024-12-20 04:01:44',NULL,'f388f272-0bf0-49d2-a41f-070b7cd26911'),('4fc7890b-3d00-4779-9734-7950b1a94677','external-seal',0,'2024-12-20 06:47:25','2024-12-20 06:47:25','2024-12-20 06:47:25',NULL,'f388f272-0bf0-49d2-a41f-070b7cd26911'),('50537b7e-378b-4027-9ff9-9a59136ce074','seal',1,'2024-12-29 04:40:11','2024-12-29 04:40:11','2024-12-29 04:40:11',NULL,'ec6afc7a-f330-4804-82a9-bf061cd692a8'),('50fa5f16-d3df-475a-878c-bd6ec96425ae','sign',1,'2024-12-16 08:53:50','2024-12-16 08:53:50','2024-12-16 08:53:50',NULL,'f388f272-0bf0-49d2-a41f-070b7cd26911'),('5116ee03-84a3-445a-89fe-0f790131cd27','login',1,'2024-12-04 10:36:59','2024-12-04 10:36:59','2024-12-04 10:36:59',NULL,'ec6afc7a-f330-4804-82a9-bf061cd692a8'),('51799a3f-e7d1-456a-b9c7-ec4005f600e9','external-seal',0,'2024-12-20 07:14:47','2024-12-20 07:14:47','2024-12-20 07:14:47',NULL,'f388f272-0bf0-49d2-a41f-070b7cd26911'),('51b41f5b-005b-4840-b13b-7a9e7404c424','decrypt',0,'2024-12-11 13:55:42','2024-12-11 13:55:42','2024-12-11 13:55:42',NULL,'fb4a8b4f-834a-4c38-868a-9f98f7ea4d7c'),('5203c7a9-122e-4657-9313-90574d300867','random-number',1,'2024-12-11 11:01:48','2024-12-11 11:01:48','2024-12-11 11:01:48',NULL,'fb4a8b4f-834a-4c38-868a-9f98f7ea4d7c'),('523fa53f-b865-466b-bc74-a84ca69910ef','encrypt',1,'2024-12-16 07:11:37','2024-12-16 07:11:37','2024-12-16 07:11:37',NULL,'f388f272-0bf0-49d2-a41f-070b7cd26911'),('52b7a836-61f3-4cb8-8b4c-10114e05a961','external-keypair-generate',0,'2024-12-17 08:01:12','2024-12-17 08:01:12','2024-12-17 08:01:12',NULL,'f388f272-0bf0-49d2-a41f-070b7cd26911'),('52e75514-556e-423a-a39b-37ec899b5af2','external-keypair-generate',0,'2024-12-11 10:23:23','2024-12-11 10:23:23','2024-12-11 10:23:23',NULL,'fb4a8b4f-834a-4c38-868a-9f98f7ea4d7c'),('53060f66-6243-4cdf-aa43-cc30d162eee1','login',1,'2024-12-19 04:55:50','2024-12-19 04:55:50','2024-12-19 04:55:50',NULL,'f388f272-0bf0-49d2-a41f-070b7cd26911'),('535cb8eb-99d4-4d5d-896a-fecf542b6c45','encrypt',0,'2024-12-16 03:52:18','2024-12-16 03:52:18','2024-12-16 03:52:18',NULL,'f388f272-0bf0-49d2-a41f-070b7cd26911'),('536f33aa-5a6f-42ef-82b8-00c079dfa36b','external-keypair-generate',0,'2024-12-11 10:22:11','2024-12-11 10:22:11','2024-12-11 10:22:11',NULL,'fb4a8b4f-834a-4c38-868a-9f98f7ea4d7c'),('53804710-556b-4251-aa2d-c20806d4c0c1','external-keypair-generate',1,'2024-12-11 09:56:40','2024-12-11 09:56:40','2024-12-11 09:56:40',NULL,'ec6afc7a-f330-4804-82a9-bf061cd692a8'),('53c7813e-a33d-4f62-b2d3-23154e3390bf','external-verify',0,'2024-12-20 08:55:02','2024-12-20 08:55:02','2024-12-20 08:55:02',NULL,'f388f272-0bf0-49d2-a41f-070b7cd26911'),('543c029d-0d25-485f-b491-f917dca295f3','external-keypair-generate',0,'2024-12-20 07:01:17','2024-12-20 07:01:17','2024-12-20 07:01:17',NULL,'f388f272-0bf0-49d2-a41f-070b7cd26911'),('544e11f3-fbe4-405e-b4f7-3a10f8737cfb','cert-sign',0,'2025-06-23 04:06:45','2025-06-23 04:06:45','2025-06-23 04:06:45',NULL,'ec6afc7a-f330-4804-82a9-bf061cd692a8'),('54697c1f-88de-4f7c-b55b-0d820c4a6a4b','refresh-session',1,'2024-12-16 03:11:26','2024-12-16 03:11:26','2024-12-16 03:11:26',NULL,'f388f272-0bf0-49d2-a41f-070b7cd26911'),('5488e761-3c54-4a2a-8ebb-80b5dacb6203','encrypt',0,'2024-12-16 03:52:18','2024-12-16 03:52:18','2024-12-16 03:52:18',NULL,'f388f272-0bf0-49d2-a41f-070b7cd26911'),('54ed5bba-e7a8-4c92-bbfc-085a70481c23','sign',0,'2024-12-16 08:48:24','2024-12-16 08:48:24','2024-12-16 08:48:24',NULL,'f388f272-0bf0-49d2-a41f-070b7cd26911'),('5515ef41-852d-4da5-b68f-ded55192324c','decrypt',1,'2024-12-16 07:24:35','2024-12-16 07:24:35','2024-12-16 07:24:35',NULL,'f388f272-0bf0-49d2-a41f-070b7cd26911'),('555d660d-f89d-416c-83e1-20076f21ce24','cert-sign',0,'2025-06-26 04:46:14','2025-06-26 04:46:14','2025-06-26 04:46:14',NULL,'ec6afc7a-f330-4804-82a9-bf061cd692a8'),('569742d6-e1f4-454e-b5d9-bb3eb6d9848f','verify-MAC',0,'2024-12-16 03:30:41','2024-12-16 03:30:41','2024-12-16 03:30:41',NULL,'f388f272-0bf0-49d2-a41f-070b7cd26911'),('574d6e4d-ecb4-4652-acab-d0e7ba67b9bc','key-generate',1,'2024-12-11 23:45:32','2024-12-11 23:45:32','2024-12-11 23:45:32',NULL,'fb4a8b4f-834a-4c38-868a-9f98f7ea4d7c'),('577a9f85-6349-483b-9992-d985c45d5611','random-number',0,'2024-12-16 03:09:48','2024-12-16 03:09:48','2024-12-16 03:09:48',NULL,'f388f272-0bf0-49d2-a41f-070b7cd26911'),('5845fedd-ac65-4090-bf0e-5f1832f4b22b','login',1,'2024-12-20 07:00:49','2024-12-20 07:00:49','2024-12-20 07:00:49',NULL,'f388f272-0bf0-49d2-a41f-070b7cd26911'),('585662f9-e829-490c-96cc-c37b481ba102','key-generate',1,'2025-06-26 02:55:50','2025-06-26 02:55:50','2025-06-26 02:55:50',NULL,'ec6afc7a-f330-4804-82a9-bf061cd692a8'),('5865ff54-b083-4749-a0c5-70b1a6c32780','login',0,'2025-01-08 09:33:27','2025-01-08 09:33:27','2025-01-08 09:33:27',NULL,'f388f272-0bf0-49d2-a41f-070b7cd26911'),('58919fca-c76c-49d3-9ec0-293359d770ac','external-sign',0,'2024-12-20 08:52:06','2024-12-20 08:52:06','2024-12-20 08:52:06',NULL,'f388f272-0bf0-49d2-a41f-070b7cd26911'),('58e43666-b473-43cd-8349-2974e787dfbe','decrypt',1,'2024-12-16 08:15:08','2024-12-16 08:15:08','2024-12-16 08:15:08',NULL,'f388f272-0bf0-49d2-a41f-070b7cd26911'),('58ebac21-a275-49ef-b60b-63933f43dd91','login',1,'2025-01-15 02:52:36','2025-01-15 02:52:36','2025-01-15 02:52:36',NULL,'ec6afc7a-f330-4804-82a9-bf061cd692a8'),('595571f3-9af6-4bc1-9c75-a5aedacd48a6','external-seal',0,'2024-12-20 06:50:00','2024-12-20 06:50:00','2024-12-20 06:50:00',NULL,'f388f272-0bf0-49d2-a41f-070b7cd26911'),('59753e8e-5cd7-4eb7-9dd9-e2fb7475dfde','external-verify',1,'2024-12-20 09:20:21','2024-12-20 09:20:21','2024-12-20 09:20:21',NULL,'f388f272-0bf0-49d2-a41f-070b7cd26911'),('5a2a4c14-7638-4a04-9754-e0176cdb6f6a','login',1,'2024-12-16 02:49:23','2024-12-16 02:49:23','2024-12-16 02:49:23',NULL,'ec6afc7a-f330-4804-82a9-bf061cd692a8'),('5c0e6810-8720-4364-abc5-f4dde0d9739c','login',1,'2024-12-12 01:37:08','2024-12-12 01:37:08','2024-12-12 01:37:08',NULL,'fb4a8b4f-834a-4c38-868a-9f98f7ea4d7c'),('5caa1000-8cdb-47ee-8444-29662acfb57f','secret-get',1,'2024-12-20 08:50:08','2024-12-20 08:50:08','2024-12-20 08:50:08',NULL,'f388f272-0bf0-49d2-a41f-070b7cd26911'),('5caa3287-89a7-4cf2-b548-f3da503dd124','external-keypair-generate',1,'2025-01-09 03:05:56','2025-01-09 03:05:56','2025-01-09 03:05:56',NULL,'f388f272-0bf0-49d2-a41f-070b7cd26911'),('5cd0e960-e870-4f68-a195-c2408a584b15','external-keypair-generate',0,'2024-12-11 09:53:41','2024-12-11 09:53:41','2024-12-11 09:53:41',NULL,'ec6afc7a-f330-4804-82a9-bf061cd692a8'),('5ce47d6b-8ba2-43ad-8de1-d598b4b58baf','login',1,'2024-11-18 02:14:59','2024-11-18 02:14:59','2024-11-18 02:14:59',NULL,'ec6afc7a-f330-4804-82a9-bf061cd692a8'),('5daa6c32-5b97-4b5e-bc76-5a7414ef4268','external-seal',1,'2024-12-20 07:19:15','2024-12-20 07:19:15','2024-12-20 07:19:15',NULL,'f388f272-0bf0-49d2-a41f-070b7cd26911'),('5e0fd652-d265-4035-ab9d-b3cf31068f4c','login',1,'2024-12-29 05:40:48','2024-12-29 05:40:48','2024-12-29 05:40:48',NULL,'ec6afc7a-f330-4804-82a9-bf061cd692a8'),('5eb46344-f165-4d47-8f98-78f9926521b7','sign',0,'2024-12-16 08:48:40','2024-12-16 08:48:40','2024-12-16 08:48:40',NULL,'f388f272-0bf0-49d2-a41f-070b7cd26911'),('5ee02e1e-3955-4bc8-b4bc-6befca8d6fd0','cert-sign',0,'2025-06-26 04:47:19','2025-06-26 04:47:19','2025-06-26 04:47:19',NULL,'ec6afc7a-f330-4804-82a9-bf061cd692a8'),('5ef5b314-4bec-410e-a5c8-0732322ba646','refresh-session',1,'2024-12-17 04:42:02','2024-12-17 04:42:02','2024-12-17 04:42:02',NULL,'f388f272-0bf0-49d2-a41f-070b7cd26911'),('5f3d3f57-a40e-4017-8c47-63bc3142b288','external-keypair-generate',1,'2024-12-17 08:05:28','2024-12-17 08:05:28','2024-12-17 08:05:28',NULL,'f388f272-0bf0-49d2-a41f-070b7cd26911'),('5f94c238-99da-4391-9fad-613cf5ba82e4','login',1,'2024-11-15 10:13:38','2024-11-15 10:13:38','2024-11-15 10:13:38',NULL,'ec6afc7a-f330-4804-82a9-bf061cd692a8'),('5fc8cde1-ae64-431a-ad00-e06ee3668cd3','login',1,'2024-12-24 02:48:24','2024-12-24 02:48:24','2024-12-24 02:48:24',NULL,'ec6afc7a-f330-4804-82a9-bf061cd692a8'),('5ff16410-5320-4340-8f38-05d81a70cf8c','external-seal',0,'2024-12-20 06:49:50','2024-12-20 06:49:50','2024-12-20 06:49:50',NULL,'f388f272-0bf0-49d2-a41f-070b7cd26911'),('605ff9ba-9910-47c5-bf50-d185b3e96636','encrypt',1,'2024-12-16 07:40:24','2024-12-16 07:40:24','2024-12-16 07:40:24',NULL,'f388f272-0bf0-49d2-a41f-070b7cd26911'),('60b99bce-7e0d-4ac8-beec-e82fd110eda3','external-encrypt',1,'2025-06-29 04:26:35','2025-06-29 04:26:35','2025-06-29 04:26:35',NULL,'ec6afc7a-f330-4804-82a9-bf061cd692a8'),('60edca77-84cb-431f-8a5e-f1c5c3649d97','login',1,'2025-01-14 04:50:46','2025-01-14 04:50:46','2025-01-14 04:50:46',NULL,'ec6afc7a-f330-4804-82a9-bf061cd692a8'),('612f69bc-20ac-415a-83d5-4b4b4ec2ba1f','external-seal',0,'2024-12-20 07:18:12','2024-12-20 07:18:12','2024-12-20 07:18:12',NULL,'f388f272-0bf0-49d2-a41f-070b7cd26911'),('616b9ad0-b99b-4a43-a68a-789fd956ebd2','external-keypair-generate',1,'2025-06-26 06:32:07','2025-06-26 06:32:07','2025-06-26 06:32:07',NULL,'ec6afc7a-f330-4804-82a9-bf061cd692a8'),('61bbdea2-0a7d-478b-871c-912ddc925670','external-mac-verify',0,'2024-12-20 03:52:38','2024-12-20 03:52:38','2024-12-20 03:52:38',NULL,'f388f272-0bf0-49d2-a41f-070b7cd26911'),('62442457-07fa-40bd-b5ba-91013b785f58','external-keypair-generate',0,'2024-12-20 07:00:21','2024-12-20 07:00:21','2024-12-20 07:00:21',NULL,'f388f272-0bf0-49d2-a41f-070b7cd26911'),('62b535c5-e8e9-48e6-a45b-08d510fee211','external-keypair-generate',1,'2024-12-11 23:45:05','2024-12-11 23:45:05','2024-12-11 23:45:05',NULL,'fb4a8b4f-834a-4c38-868a-9f98f7ea4d7c'),('63100ec3-779a-4ebf-b043-0f3e7865fcf8','sign',1,'2024-12-16 09:08:44','2024-12-16 09:08:44','2024-12-16 09:08:44',NULL,'f388f272-0bf0-49d2-a41f-070b7cd26911'),('635db2ef-a21f-4fbe-8db3-6729029ada34','decrypt',0,'2024-12-16 04:30:21','2024-12-16 04:30:21','2024-12-16 04:30:21',NULL,'f388f272-0bf0-49d2-a41f-070b7cd26911'),('638e6249-4b93-4cb2-b80d-b316f95cd491','key-info',0,'2024-12-20 08:41:26','2024-12-20 08:41:26','2024-12-20 08:41:26',NULL,'f388f272-0bf0-49d2-a41f-070b7cd26911'),('6397c25a-7310-4f03-a7c7-cff5e0df0cd1','external-tokenize',0,'2024-12-11 10:41:43','2024-12-11 10:41:43','2024-12-11 10:41:43',NULL,'ec6afc7a-f330-4804-82a9-bf061cd692a8'),('6479ed93-aa18-48b5-b134-9f79f252101c','external-verify',0,'2024-12-20 09:10:01','2024-12-20 09:10:01','2024-12-20 09:10:01',NULL,'f388f272-0bf0-49d2-a41f-070b7cd26911'),('64b79df1-d8e3-42b8-9865-357ae325b62a','decrypt',0,'2024-12-16 04:25:09','2024-12-16 04:25:09','2024-12-16 04:25:09',NULL,'f388f272-0bf0-49d2-a41f-070b7cd26911'),('64c8a01b-675b-4022-80df-21dd6344e0a3','external-encrypt',1,'2024-12-20 08:11:23','2024-12-20 08:11:23','2024-12-20 08:11:23',NULL,'f388f272-0bf0-49d2-a41f-070b7cd26911'),('652fdd97-e3d9-4234-9b2a-f138835bf244','verify-sign',1,'2024-12-16 09:11:16','2024-12-16 09:11:16','2024-12-16 09:11:16',NULL,'f388f272-0bf0-49d2-a41f-070b7cd26911'),('656106bf-3b47-4f39-95f0-d13f6af36c2b','external-keypair-generate',0,'2024-12-11 10:22:10','2024-12-11 10:22:10','2024-12-11 10:22:10',NULL,'fb4a8b4f-834a-4c38-868a-9f98f7ea4d7c'),('656314a6-9a9c-4303-ba6b-2c0bbcb8f3bb','encrypt',1,'2024-12-16 07:26:32','2024-12-16 07:26:32','2024-12-16 07:26:32',NULL,'f388f272-0bf0-49d2-a41f-070b7cd26911'),('66753013-12a2-41a7-8af2-1a6dd45a6272','encrypt',0,'2024-12-16 08:09:42','2024-12-16 08:09:42','2024-12-16 08:09:42',NULL,'f388f272-0bf0-49d2-a41f-070b7cd26911'),('66fc7533-2e82-4497-91ce-ca96005f65c9','login',1,'2024-12-19 07:28:04','2024-12-19 07:28:04','2024-12-19 07:28:04',NULL,'f388f272-0bf0-49d2-a41f-070b7cd26911'),('687f3307-982b-4ff9-ad5e-62afec953a64','login',1,'2025-01-09 04:51:51','2025-01-09 04:51:51','2025-01-09 04:51:51',NULL,'f388f272-0bf0-49d2-a41f-070b7cd26911'),('690b2cf6-3804-417b-b295-1663f73c3368','unseal',1,'2025-05-07 07:58:08','2025-05-07 07:58:08','2025-05-07 07:58:08',NULL,'ec6afc7a-f330-4804-82a9-bf061cd692a8'),('690bef4b-014c-4bf3-bab8-fee90fc83e79','refresh-session',1,'2025-01-15 02:53:46','2025-01-15 02:53:46','2025-01-15 02:53:46',NULL,'ec6afc7a-f330-4804-82a9-bf061cd692a8'),('69702b76-3a1b-4ed1-8da8-79578f46f24f','external-keypair-generate',1,'2024-12-12 01:38:12','2024-12-12 01:38:12','2024-12-12 01:38:12',NULL,'fb4a8b4f-834a-4c38-868a-9f98f7ea4d7c'),('6a044416-fc36-4507-a1be-845c60babec4','refresh-session',1,'2024-12-16 03:11:44','2024-12-16 03:11:44','2024-12-16 03:11:44',NULL,'f388f272-0bf0-49d2-a41f-070b7cd26911'),('6a0e4939-f5af-4c25-bc5d-6601c94ddfe0','external-verify',0,'2024-12-20 08:55:13','2024-12-20 08:55:13','2024-12-20 08:55:13',NULL,'f388f272-0bf0-49d2-a41f-070b7cd26911'),('6a7a80f0-5b2f-40f2-8cbb-678095ac0e78','external-keypair-generate',0,'2025-01-09 03:05:06','2025-01-09 03:05:06','2025-01-09 03:05:06',NULL,'f388f272-0bf0-49d2-a41f-070b7cd26911'),('6ad9d327-4168-4153-a1a2-1938df854cbd','key-generate',1,'2024-12-20 06:32:34','2024-12-20 06:32:34','2024-12-20 06:32:34',NULL,'f388f272-0bf0-49d2-a41f-070b7cd26911'),('6b234e5c-c241-4c3b-8b6c-19c493b58cfc','login',1,'2025-01-09 03:03:00','2025-01-09 03:03:00','2025-01-09 03:03:00',NULL,'f388f272-0bf0-49d2-a41f-070b7cd26911'),('6b8f4007-5100-4872-a7b4-8dfeb549df23','external-keypair-generate',1,'2024-12-11 23:40:27','2024-12-11 23:40:27','2024-12-11 23:40:27',NULL,'fb4a8b4f-834a-4c38-868a-9f98f7ea4d7c'),('6b902234-b300-4c6f-a175-da549c469a37','external-seal',0,'2024-12-20 06:47:01','2024-12-20 06:47:01','2024-12-20 06:47:01',NULL,'f388f272-0bf0-49d2-a41f-070b7cd26911'),('6b9d56b9-abed-4e73-8239-5e735c6d6de2','seal',1,'2024-12-16 03:50:45','2024-12-16 03:50:45','2024-12-16 03:50:45',NULL,'f388f272-0bf0-49d2-a41f-070b7cd26911'),('6bc77594-4a7d-4356-b61f-6c2b9ced6eb0','decrypt',1,'2024-12-16 07:25:24','2024-12-16 07:25:24','2024-12-16 07:25:24',NULL,'f388f272-0bf0-49d2-a41f-070b7cd26911'),('6be765ea-89e0-4ce3-9219-149d4f35d7cb','external-verify',0,'2024-12-20 09:13:12','2024-12-20 09:13:12','2024-12-20 09:13:12',NULL,'f388f272-0bf0-49d2-a41f-070b7cd26911'),('6db87cd7-6ed7-4df1-8033-9ca6e20c264f','login',1,'2024-12-19 04:55:17','2024-12-19 04:55:17','2024-12-19 04:55:17',NULL,'f388f272-0bf0-49d2-a41f-070b7cd26911'),('6dd3ca60-a269-4907-b0a1-efe79656450e','login',1,'2024-12-16 08:52:10','2024-12-16 08:52:10','2024-12-16 08:52:10',NULL,'f388f272-0bf0-49d2-a41f-070b7cd26911'),('6dea045c-b283-40f4-91de-5f3a0c2aea37','external-keypair-generate',0,'2024-12-11 09:51:26','2024-12-11 09:51:26','2024-12-11 09:51:26',NULL,'ec6afc7a-f330-4804-82a9-bf061cd692a8'),('6e308fcb-5c25-4e75-93e1-10c76496c12e','generate-MAC',1,'2024-12-11 11:02:08','2024-12-11 11:02:08','2024-12-11 11:02:08',NULL,'fb4a8b4f-834a-4c38-868a-9f98f7ea4d7c'),('6e3a52c0-ce3e-4e07-b694-c45b0c840402','refresh-session',1,'2024-12-16 03:11:44','2024-12-16 03:11:44','2024-12-16 03:11:44',NULL,'f388f272-0bf0-49d2-a41f-070b7cd26911'),('6e57aca8-ca67-48d5-9772-a497e6b39233','encrypt',1,'2025-05-07 07:32:46','2025-05-07 07:32:46','2025-05-07 07:32:46',NULL,'ec6afc7a-f330-4804-82a9-bf061cd692a8'),('6e57c4a5-9455-4566-be59-b0d3f085be60','login',1,'2024-12-11 10:15:17','2024-12-11 10:15:17','2024-12-11 10:15:17',NULL,'fb4a8b4f-834a-4c38-868a-9f98f7ea4d7c'),('70a6ed54-521c-4a30-b3de-88e2e7a5ca05','refresh-session',1,'2025-01-15 02:53:55','2025-01-15 02:53:55','2025-01-15 02:53:55',NULL,'ec6afc7a-f330-4804-82a9-bf061cd692a8'),('7134af06-a181-4c39-b433-c2d33415f6a6','sign',0,'2024-12-16 09:08:34','2024-12-16 09:08:34','2024-12-16 09:08:34',NULL,'f388f272-0bf0-49d2-a41f-070b7cd26911'),('715ecd8c-c1d1-47ab-b014-d1899b6b025f','decrypt',0,'2024-12-16 08:08:46','2024-12-16 08:08:46','2024-12-16 08:08:46',NULL,'f388f272-0bf0-49d2-a41f-070b7cd26911'),('719d23b1-e220-480d-80b9-01d15e2a9283','login',1,'2025-01-30 10:24:34','2025-01-30 10:24:34','2025-01-30 10:24:34',NULL,'ec6afc7a-f330-4804-82a9-bf061cd692a8'),('71a55524-2b9b-4265-ae90-98bdaaabd87a','decrypt',0,'2024-12-16 08:08:36','2024-12-16 08:08:36','2024-12-16 08:08:36',NULL,'f388f272-0bf0-49d2-a41f-070b7cd26911'),('72964b94-d1c0-460b-a44a-60eada69ed37','verify-sign',0,'2024-12-16 09:10:18','2024-12-16 09:10:18','2024-12-16 09:10:18',NULL,'f388f272-0bf0-49d2-a41f-070b7cd26911'),('72a51538-102f-42c3-8a86-d809c7a570e2','external-unseal',1,'2024-12-11 23:54:17','2024-12-11 23:54:17','2024-12-11 23:54:17',NULL,'fb4a8b4f-834a-4c38-868a-9f98f7ea4d7c'),('72b83aa7-c2f5-4d05-a991-ab85d005c5ef','external-mac-verify',1,'2024-12-20 03:51:05','2024-12-20 03:51:05','2024-12-20 03:51:05',NULL,'f388f272-0bf0-49d2-a41f-070b7cd26911'),('7320e527-4795-4bf0-846f-dea9207ee787','generate-MAC',0,'2024-12-16 03:16:51','2024-12-16 03:16:51','2024-12-16 03:16:51',NULL,'f388f272-0bf0-49d2-a41f-070b7cd26911'),('73cd67db-6d3e-48b8-8cf1-a107d02a542f','decrypt',1,'2024-12-16 07:20:44','2024-12-16 07:20:44','2024-12-16 07:20:44',NULL,'f388f272-0bf0-49d2-a41f-070b7cd26911'),('73e5fdc6-5e26-49ce-8cfa-d61f37fef4f8','login',1,'2024-12-19 04:55:21','2024-12-19 04:55:21','2024-12-19 04:55:21',NULL,'f388f272-0bf0-49d2-a41f-070b7cd26911'),('7565b026-2884-4ed3-84ad-484e604e57bf','login',1,'2024-11-25 02:29:43','2024-11-25 02:29:43','2024-11-25 02:29:43',NULL,'ec6afc7a-f330-4804-82a9-bf061cd692a8'),('7620a0e6-3b4a-4496-beb6-48722abb54a8','login',1,'2025-01-21 02:10:02','2025-01-21 02:10:02','2025-01-21 02:10:02',NULL,'ec6afc7a-f330-4804-82a9-bf061cd692a8'),('7668ec95-67c7-46a2-8725-7590899844e8','external-seal',0,'2024-12-20 06:49:24','2024-12-20 06:49:24','2024-12-20 06:49:24',NULL,'f388f272-0bf0-49d2-a41f-070b7cd26911'),('76a0efc6-c9a9-49ac-b0c7-37a18ae6b8bf','login',1,'2025-03-04 08:58:23','2025-03-04 08:58:23','2025-03-04 08:58:23',NULL,'ec6afc7a-f330-4804-82a9-bf061cd692a8'),('76d7374c-dd3c-4721-94c7-9aedff343d74','external-keypair-generate',1,'2024-12-11 23:38:10','2024-12-11 23:38:10','2024-12-11 23:38:10',NULL,'fb4a8b4f-834a-4c38-868a-9f98f7ea4d7c'),('76e287ee-11cd-4fe0-b2c2-8bfc105b3ddc','external-keypair-generate',1,'2025-01-09 08:12:04','2025-01-09 08:12:04','2025-01-09 08:12:04',NULL,'f388f272-0bf0-49d2-a41f-070b7cd26911'),('76e30417-4f95-4ef1-8500-5f7469a00812','external-mac-verify',1,'2024-12-20 03:50:56','2024-12-20 03:50:56','2024-12-20 03:50:56',NULL,'f388f272-0bf0-49d2-a41f-070b7cd26911'),('77157359-2739-45d6-b0c0-ca6faedaa811','cert-sign',0,'2025-06-26 06:51:51','2025-06-26 06:51:51','2025-06-26 06:51:51',NULL,'f388f272-0bf0-49d2-a41f-070b7cd26911'),('7720a2ad-d2a3-4673-bedc-f6c28e7a0981','external-keypair-generate',0,'2024-12-11 10:22:06','2024-12-11 10:22:06','2024-12-11 10:22:06',NULL,'fb4a8b4f-834a-4c38-868a-9f98f7ea4d7c'),('772af78f-2e3f-4116-9815-4a024ab79e04','external-mac-generate',1,'2025-06-26 06:50:40','2025-06-26 06:50:40','2025-06-26 06:50:40',NULL,'ec6afc7a-f330-4804-82a9-bf061cd692a8'),('772f28fb-7c05-40ae-ad66-34e859c765ae','external-decrypt',1,'2024-12-12 02:21:53','2024-12-12 02:21:53','2024-12-12 02:21:53',NULL,'fb4a8b4f-834a-4c38-868a-9f98f7ea4d7c'),('775f4f89-cd56-4640-a312-e8db590681d8','login',1,'2024-12-24 09:32:18','2024-12-24 09:32:18','2024-12-24 09:32:18',NULL,'ec6afc7a-f330-4804-82a9-bf061cd692a8'),('776ca70a-5fa6-4b99-9ce1-a5c24c6d3d54','external-keypair-generate',1,'2024-12-17 08:05:46','2024-12-17 08:05:46','2024-12-17 08:05:46',NULL,'f388f272-0bf0-49d2-a41f-070b7cd26911'),('77b47fb5-dd59-4765-a8e2-d46004cf2560','decrypt',0,'2024-12-16 04:24:19','2024-12-16 04:24:19','2024-12-16 04:24:19',NULL,'f388f272-0bf0-49d2-a41f-070b7cd26911'),('77c180ef-7214-4b46-b188-573f578c4758','external-mac-generate',1,'2024-12-11 23:47:21','2024-12-11 23:47:21','2024-12-11 23:47:21',NULL,'fb4a8b4f-834a-4c38-868a-9f98f7ea4d7c'),('787b4fab-8907-47f7-ae7d-ed02bb7cf028','external-keypair-generate',1,'2025-06-26 03:17:31','2025-06-26 03:17:31','2025-06-26 03:17:31',NULL,'f388f272-0bf0-49d2-a41f-070b7cd26911'),('7890ed17-dbb1-472b-b635-7ed09e32cc0e','login',1,'2025-01-13 04:34:27','2025-01-13 04:34:27','2025-01-13 04:34:27',NULL,'ec6afc7a-f330-4804-82a9-bf061cd692a8'),('78e1bbe3-e660-42e5-82e7-72321241cbc0','tokenize',1,'2024-12-16 08:42:24','2024-12-16 08:42:24','2024-12-16 08:42:24',NULL,'f388f272-0bf0-49d2-a41f-070b7cd26911'),('792e669c-4b41-4233-9d9f-a69966a106e3','external-keypair-generate',1,'2025-06-26 06:33:54','2025-06-26 06:33:54','2025-06-26 06:33:54',NULL,'ec6afc7a-f330-4804-82a9-bf061cd692a8'),('79d14bd9-2282-463b-89c6-74b93b2223d2','external-keypair-generate',0,'2024-12-11 10:25:12','2024-12-11 10:25:12','2024-12-11 10:25:12',NULL,'fb4a8b4f-834a-4c38-868a-9f98f7ea4d7c'),('7a3855ce-1d18-4f3e-923c-cf98ca5a779d','external-detokenize',1,'2025-06-29 06:51:31','2025-06-29 06:51:31','2025-06-29 06:51:31',NULL,'ec6afc7a-f330-4804-82a9-bf061cd692a8'),('7ae74538-ecd3-496c-b264-248c24082b24','encrypt',1,'2024-12-16 03:47:37','2024-12-16 03:47:37','2024-12-16 03:47:37',NULL,'f388f272-0bf0-49d2-a41f-070b7cd26911'),('7bbf7c20-e657-4a8b-bf0a-7b5ec812a1f5','encrypt',1,'2024-12-16 07:30:54','2024-12-16 07:30:54','2024-12-16 07:30:54',NULL,'f388f272-0bf0-49d2-a41f-070b7cd26911'),('7c0993b6-8acc-47da-b2a1-eaee100fd0c6','login',0,'2024-11-19 03:56:50','2024-11-19 03:56:50','2024-11-19 03:56:50',NULL,'b0f943e9-58a2-4ca2-87b2-c3a2961d82ab'),('7c295537-9307-49cf-b099-98cad15e3641','external-keypair-generate',1,'2025-06-26 05:02:11','2025-06-26 05:02:11','2025-06-26 05:02:11',NULL,'f388f272-0bf0-49d2-a41f-070b7cd26911'),('7c29efa1-a1bd-42d1-941a-3aa1fbf7d7be','login',1,'2025-01-05 01:10:05','2025-01-05 01:10:05','2025-01-05 01:10:05',NULL,'ec6afc7a-f330-4804-82a9-bf061cd692a8'),('7c2a76e8-1e62-46a3-903e-d1f3b10c2560','login',1,'2024-12-12 02:51:10','2024-12-12 02:51:10','2024-12-12 02:51:10',NULL,'fb4a8b4f-834a-4c38-868a-9f98f7ea4d7c'),('7c3a9fac-d36e-4542-83e3-ebb75c75c15b','external-mac-generate',0,'2025-06-26 06:50:04','2025-06-26 06:50:04','2025-06-26 06:50:04',NULL,'ec6afc7a-f330-4804-82a9-bf061cd692a8'),('7c3b0826-a2f4-4167-a3e9-d449bcd20d3e','decrypt',0,'2024-12-16 04:30:27','2024-12-16 04:30:27','2024-12-16 04:30:27',NULL,'f388f272-0bf0-49d2-a41f-070b7cd26911'),('7c90228c-8d82-459b-8a74-c77c7b8e3224','encrypt',1,'2024-12-16 04:36:31','2024-12-16 04:36:31','2024-12-16 04:36:31',NULL,'fb4a8b4f-834a-4c38-868a-9f98f7ea4d7c'),('7c908e90-e5a7-4205-9c80-66209ea723cf','external-keypair-generate',0,'2024-12-19 07:31:06','2024-12-19 07:31:06','2024-12-19 07:31:06',NULL,'f388f272-0bf0-49d2-a41f-070b7cd26911'),('7cc11336-5e8a-4fe8-9256-088866971442','login',0,'2025-01-08 09:33:37','2025-01-08 09:33:37','2025-01-08 09:33:37',NULL,'f388f272-0bf0-49d2-a41f-070b7cd26911'),('7d18994a-716c-4b5d-b93b-9603e9a3f66c','encrypt',1,'2024-12-16 07:29:30','2024-12-16 07:29:30','2024-12-16 07:29:30',NULL,'f388f272-0bf0-49d2-a41f-070b7cd26911'),('7d311686-e53f-45e2-8ede-43e24e92eef5','external-keypair-generate',0,'2025-01-09 08:11:40','2025-01-09 08:11:40','2025-01-09 08:11:40',NULL,'f388f272-0bf0-49d2-a41f-070b7cd26911'),('7d3c42e4-f21f-4266-9229-0eadfb6aaa19','decrypt',1,'2024-12-11 14:04:27','2024-12-11 14:04:27','2024-12-11 14:04:27',NULL,'fb4a8b4f-834a-4c38-868a-9f98f7ea4d7c'),('7d748d69-58b6-4a2b-bfeb-cf6a7cc6a2cb','seal',1,'2025-05-08 07:14:29','2025-05-08 07:14:29','2025-05-08 07:14:29',NULL,'ec6afc7a-f330-4804-82a9-bf061cd692a8'),('7da5d74d-f37b-495e-8e7e-a8346ab30f9a','encrypt',0,'2024-12-16 08:09:58','2024-12-16 08:09:58','2024-12-16 08:09:58',NULL,'f388f272-0bf0-49d2-a41f-070b7cd26911'),('7e80ee75-2005-4e36-97a4-fb3449115659','external-encrypt',0,'2024-12-11 10:24:02','2024-12-11 10:24:02','2024-12-11 10:24:02',NULL,'ec6afc7a-f330-4804-82a9-bf061cd692a8'),('7ee39e2e-4f16-4bba-b8f0-122dddf87b8f','external-seal',1,'2024-12-12 01:40:53','2024-12-12 01:40:53','2024-12-12 01:40:53',NULL,'fb4a8b4f-834a-4c38-868a-9f98f7ea4d7c'),('7ef09ffe-30f7-4e3f-90f4-6245eb1d2d06','login',1,'2025-01-05 01:08:55','2025-01-05 01:08:55','2025-01-05 01:08:55',NULL,'ec6afc7a-f330-4804-82a9-bf061cd692a8'),('7f046323-fd5b-41db-abfc-7faaa70a00ed','external-unseal',1,'2024-12-11 10:12:23','2024-12-11 10:12:23','2024-12-11 10:12:23',NULL,'ec6afc7a-f330-4804-82a9-bf061cd692a8'),('7f2a4e23-f3f8-423a-a1ba-860a75267216','external-keypair-generate',1,'2024-12-20 07:09:40','2024-12-20 07:09:40','2024-12-20 07:09:40',NULL,'ec6afc7a-f330-4804-82a9-bf061cd692a8'),('7fbb2ac1-e3ab-4ddc-b025-3d0a031d4f08','login',1,'2024-12-27 14:18:07','2024-12-27 14:18:07','2024-12-27 14:18:07',NULL,'ec6afc7a-f330-4804-82a9-bf061cd692a8'),('7fe26251-8d89-4697-96b1-3bfa1533f47c','key-info',0,'2024-12-20 08:43:12','2024-12-20 08:43:12','2024-12-20 08:43:12',NULL,'f388f272-0bf0-49d2-a41f-070b7cd26911'),('809ab4c6-d0b5-4564-90da-d9cd028825fa','refresh-session',1,'2024-12-16 03:11:45','2024-12-16 03:11:45','2024-12-16 03:11:45',NULL,'f388f272-0bf0-49d2-a41f-070b7cd26911'),('80bbb2ad-e0a3-4877-bd10-59212a1d9a17','login',1,'2025-01-13 01:47:10','2025-01-13 01:47:10','2025-01-13 01:47:10',NULL,'ec6afc7a-f330-4804-82a9-bf061cd692a8'),('80f89596-d2bf-4907-9c71-1a320416f52a','external-keypair-generate',0,'2025-06-29 04:42:35','2025-06-29 04:42:35','2025-06-29 04:42:35',NULL,'ec6afc7a-f330-4804-82a9-bf061cd692a8'),('817d7a54-085a-46e9-88b9-06f997be409f','login',1,'2024-12-19 04:55:17','2024-12-19 04:55:17','2024-12-19 04:55:17',NULL,'f388f272-0bf0-49d2-a41f-070b7cd26911'),('81cec0de-c258-4899-b735-af1c575756bd','external-verify',0,'2024-12-20 08:55:06','2024-12-20 08:55:06','2024-12-20 08:55:06',NULL,'f388f272-0bf0-49d2-a41f-070b7cd26911'),('81e85b40-62b3-459d-a81d-9750797e1b8f','login',1,'2024-12-19 06:55:10','2024-12-19 06:55:10','2024-12-19 06:55:10',NULL,'f388f272-0bf0-49d2-a41f-070b7cd26911'),('8240369d-a201-40c8-90e2-6724b5739b51','decrypt',0,'2024-12-16 08:08:39','2024-12-16 08:08:39','2024-12-16 08:08:39',NULL,'f388f272-0bf0-49d2-a41f-070b7cd26911'),('834f889a-dc74-4a85-b28c-1b299838a9bb','refresh-session',1,'2024-12-16 03:11:45','2024-12-16 03:11:45','2024-12-16 03:11:45',NULL,'f388f272-0bf0-49d2-a41f-070b7cd26911'),('84c2ea5d-06a3-4af0-9a6b-580f22b4c43d','login',1,'2024-12-19 04:55:21','2024-12-19 04:55:21','2024-12-19 04:55:21',NULL,'f388f272-0bf0-49d2-a41f-070b7cd26911'),('84e6ee01-62c7-4c76-ae4b-8b4a64e33c02','verify-sign',0,'2024-12-16 09:09:58','2024-12-16 09:09:58','2024-12-16 09:09:58',NULL,'f388f272-0bf0-49d2-a41f-070b7cd26911'),('85b28674-2e92-4009-a5d5-2fc2ae45e490','login',1,'2025-01-13 05:04:06','2025-01-13 05:04:06','2025-01-13 05:04:06',NULL,'ec6afc7a-f330-4804-82a9-bf061cd692a8'),('85d7e625-694b-4d2a-83a4-410c4d793e64','decrypt',0,'2024-12-16 08:09:02','2024-12-16 08:09:02','2024-12-16 08:09:02',NULL,'f388f272-0bf0-49d2-a41f-070b7cd26911'),('85f9cdde-b68d-4d1b-a725-7d1046f8bdf3','login',1,'2025-01-05 01:09:57','2025-01-05 01:09:57','2025-01-05 01:09:57',NULL,'ec6afc7a-f330-4804-82a9-bf061cd692a8'),('87072f89-4a6a-438a-8a65-c155f7110a5e','external-decrypt',1,'2024-12-20 06:39:12','2024-12-20 06:39:12','2024-12-20 06:39:12',NULL,'f388f272-0bf0-49d2-a41f-070b7cd26911'),('8793ac70-5ebb-452b-b71e-4541d7dcfd53','external-verify',0,'2024-12-20 08:54:28','2024-12-20 08:54:28','2024-12-20 08:54:28',NULL,'f388f272-0bf0-49d2-a41f-070b7cd26911'),('87943b7c-33ac-4488-b9ac-91850357bbdc','generate-MAC',1,'2024-12-16 03:18:02','2024-12-16 03:18:02','2024-12-16 03:18:02',NULL,'f388f272-0bf0-49d2-a41f-070b7cd26911'),('87dc1c6c-c61a-4ddb-8a7f-2bca384cb679','login',1,'2025-01-30 02:15:49','2025-01-30 02:15:49','2025-01-30 02:15:49',NULL,'c4c566ba-1a31-4271-8df1-fab7411e4f38'),('889df4bd-b77e-4a5a-ba51-d21c5c160417','encrypt',0,'2024-12-16 03:48:35','2024-12-16 03:48:35','2024-12-16 03:48:35',NULL,'f388f272-0bf0-49d2-a41f-070b7cd26911'),('891b648e-a536-4e97-8d53-6a12bc69827a','external-encrypt',1,'2025-06-29 04:48:27','2025-06-29 04:48:27','2025-06-29 04:48:27',NULL,'ec6afc7a-f330-4804-82a9-bf061cd692a8'),('894265be-f2df-4b67-80a0-d22b3e1e0ce8','login',1,'2024-12-28 22:56:59','2024-12-28 22:56:59','2024-12-28 22:56:59',NULL,'ec6afc7a-f330-4804-82a9-bf061cd692a8'),('8b163e21-98f3-48e7-9eaa-09a561e762ed','login',1,'2025-01-09 02:44:08','2025-01-09 02:44:08','2025-01-09 02:44:08',NULL,'f388f272-0bf0-49d2-a41f-070b7cd26911'),('8beabb53-802c-4521-b219-a82dc58e3f18','verify-sign',0,'2024-12-16 09:10:23','2024-12-16 09:10:23','2024-12-16 09:10:23',NULL,'f388f272-0bf0-49d2-a41f-070b7cd26911'),('8c18a6c1-1247-4a1f-8038-81416c1cf3a4','seal',1,'2025-01-06 02:31:42','2025-01-06 02:31:42','2025-01-06 02:31:42',NULL,'ec6afc7a-f330-4804-82a9-bf061cd692a8'),('8c5c6c99-e743-4b3b-bad7-740ea1fe9357','seal',1,'2025-01-06 02:32:07','2025-01-06 02:32:07','2025-01-06 02:32:07',NULL,'ec6afc7a-f330-4804-82a9-bf061cd692a8'),('8c60db87-4cec-4143-98d8-dbb73b9af60f','external-keypair-generate',1,'2025-01-09 03:05:55','2025-01-09 03:05:55','2025-01-09 03:05:55',NULL,'f388f272-0bf0-49d2-a41f-070b7cd26911'),('8c62b2ab-31d8-483a-815e-0f32459278de','verify-sign',0,'2024-12-16 09:07:09','2024-12-16 09:07:09','2024-12-16 09:07:09',NULL,'f388f272-0bf0-49d2-a41f-070b7cd26911'),('8e8214ec-ee15-4b2f-ae32-26f12a8ea7be','login',0,'2024-12-16 04:13:43','2024-12-16 04:13:43','2024-12-16 04:13:43',NULL,'f388f272-0bf0-49d2-a41f-070b7cd26911'),('8ee293bf-2bb3-44e5-96fa-6d555ebc6d19','decrypt',0,'2024-12-16 04:12:51','2024-12-16 04:12:51','2024-12-16 04:12:51',NULL,'f388f272-0bf0-49d2-a41f-070b7cd26911'),('8ef796d6-31a8-4794-ae07-2f0903be5388','encrypt',1,'2024-11-15 10:14:59','2024-11-15 10:14:59','2024-11-15 10:14:59',NULL,'ec6afc7a-f330-4804-82a9-bf061cd692a8'),('8fe9af8e-0a4f-44bf-bc17-125be1cfc707','login',1,'2025-01-14 09:12:12','2025-01-14 09:12:12','2025-01-14 09:12:12',NULL,'ec6afc7a-f330-4804-82a9-bf061cd692a8'),('9115c7de-a64c-4e31-9d5c-e652387187dd','encrypt',1,'2025-06-20 03:51:52','2025-06-20 03:51:52','2025-06-20 03:51:52',NULL,'ec6afc7a-f330-4804-82a9-bf061cd692a8'),('91595ebf-7948-48a8-90c4-49ad95d08ec6','login',1,'2024-12-24 04:06:05','2024-12-24 04:06:05','2024-12-24 04:06:05',NULL,'ec6afc7a-f330-4804-82a9-bf061cd692a8'),('91d2760c-17f5-407e-bce9-1492c5a2fea2','key-info',1,'2025-06-23 04:43:58','2025-06-23 04:43:58','2025-06-23 04:43:58',NULL,'ec6afc7a-f330-4804-82a9-bf061cd692a8'),('91d60afb-8acb-41c4-b35e-b59b3b0e5bac','external-encrypt',0,'2024-12-11 10:36:29','2024-12-11 10:36:29','2024-12-11 10:36:29',NULL,'ec6afc7a-f330-4804-82a9-bf061cd692a8'),('922f7c71-17ff-40b1-a82e-ec80a8ffb9e0','login',1,'2024-12-28 00:16:11','2024-12-28 00:16:11','2024-12-28 00:16:11',NULL,'ec6afc7a-f330-4804-82a9-bf061cd692a8'),('92692aad-38ac-47a2-8ab6-3f8304b12dd7','login',0,'2024-11-19 03:52:14','2024-11-19 03:52:14','2024-11-19 03:52:14',NULL,'b0f943e9-58a2-4ca2-87b2-c3a2961d82ab'),('93244813-fd32-49b5-a1a0-af26b24c8592','cert-sign',0,'2025-06-23 04:08:43','2025-06-23 04:08:43','2025-06-23 04:08:43',NULL,'ec6afc7a-f330-4804-82a9-bf061cd692a8'),('93c8149c-5906-4474-9c0b-fc01d4dfd48e','encrypt',1,'2024-12-16 03:56:44','2024-12-16 03:56:44','2024-12-16 03:56:44',NULL,'f388f272-0bf0-49d2-a41f-070b7cd26911'),('93e38062-c43d-4e0b-891f-e0bf3a570640','login',1,'2025-01-05 01:07:03','2025-01-05 01:07:03','2025-01-05 01:07:03',NULL,'ec6afc7a-f330-4804-82a9-bf061cd692a8'),('94312caa-3fb8-4400-a04c-c707a1f8ca11','sign',1,'2024-12-16 09:07:51','2024-12-16 09:07:51','2024-12-16 09:07:51',NULL,'f388f272-0bf0-49d2-a41f-070b7cd26911'),('9502ef14-74d5-435d-bc86-2890bbf63b03','external-sign',0,'2024-12-20 09:02:28','2024-12-20 09:02:28','2024-12-20 09:02:28',NULL,'f388f272-0bf0-49d2-a41f-070b7cd26911'),('95756a8f-6594-4ec3-b376-6fb36a3389a5','login',1,'2024-12-20 08:10:21','2024-12-20 08:10:21','2024-12-20 08:10:21',NULL,'f388f272-0bf0-49d2-a41f-070b7cd26911'),('958814e1-ce40-4054-9c8d-9e0f9b635296','login',1,'2025-01-15 03:58:51','2025-01-15 03:58:51','2025-01-15 03:58:51',NULL,'c4c566ba-1a31-4271-8df1-fab7411e4f38'),('95a5bf40-15cf-494a-8935-e23a6f44b990','seal',1,'2024-12-11 13:50:05','2024-12-11 13:50:05','2024-12-11 13:50:05',NULL,'fb4a8b4f-834a-4c38-868a-9f98f7ea4d7c'),('95c5406d-a386-478d-8859-4c7c0d13a0f6','verify-sign',1,'2024-12-16 09:06:08','2024-12-16 09:06:08','2024-12-16 09:06:08',NULL,'f388f272-0bf0-49d2-a41f-070b7cd26911'),('95cdcc31-7f9c-49eb-9160-459aa26aff7c','decrypt',0,'2024-12-16 04:35:49','2024-12-16 04:35:49','2024-12-16 04:35:49',NULL,'f388f272-0bf0-49d2-a41f-070b7cd26911'),('96bf5884-cdd3-413e-8ce0-025dad0a62f5','refresh-session',1,'2025-01-15 02:53:51','2025-01-15 02:53:51','2025-01-15 02:53:51',NULL,'ec6afc7a-f330-4804-82a9-bf061cd692a8'),('96da5c19-d5fc-4f60-b989-22ea68d33386','external-keypair-generate',1,'2024-12-17 08:07:37','2024-12-17 08:07:37','2024-12-17 08:07:37',NULL,'f388f272-0bf0-49d2-a41f-070b7cd26911'),('974de7b0-b701-4b6d-80b9-a01118a1f503','external-verify',0,'2024-12-20 08:55:07','2024-12-20 08:55:07','2024-12-20 08:55:07',NULL,'f388f272-0bf0-49d2-a41f-070b7cd26911'),('97f5d60c-d87b-4547-8c6a-703a4cff9af9','login',1,'2025-01-05 01:10:15','2025-01-05 01:10:15','2025-01-05 01:10:15',NULL,'ec6afc7a-f330-4804-82a9-bf061cd692a8'),('98251d2b-cb24-42c9-99d6-4167de0feb28','login',1,'2025-01-10 09:45:25','2025-01-10 09:45:25','2025-01-10 09:45:25',NULL,'ec6afc7a-f330-4804-82a9-bf061cd692a8'),('9834d64a-c4ed-4efe-bfdd-be788d97cf2b','login',1,'2025-05-07 07:17:58','2025-05-07 07:17:58','2025-05-07 07:17:58',NULL,'ec6afc7a-f330-4804-82a9-bf061cd692a8'),('9846f665-86ec-4070-bdee-7a3b3047ca71','login',0,'2025-05-05 04:40:09','2025-05-05 04:40:09','2025-05-05 04:40:09',NULL,'ec6afc7a-f330-4804-82a9-bf061cd692a8'),('98ef4fe8-e77e-40ed-b113-3ad98c412b32','cert-sign',1,'2025-06-26 07:19:20','2025-06-26 07:19:20','2025-06-26 07:19:20',NULL,'f388f272-0bf0-49d2-a41f-070b7cd26911'),('9c0a689f-5ca1-49be-8cb9-3389cef64de3','external-keypair-generate',0,'2024-12-11 10:24:25','2024-12-11 10:24:25','2024-12-11 10:24:25',NULL,'fb4a8b4f-834a-4c38-868a-9f98f7ea4d7c'),('9c9d266c-a72a-441e-9544-3ac397507461','decrypt',1,'2025-05-07 07:34:45','2025-05-07 07:34:45','2025-05-07 07:34:45',NULL,'ec6afc7a-f330-4804-82a9-bf061cd692a8'),('9dc78f3d-430d-48e7-8aee-7ca4f69b2729','verify-MAC',0,'2024-12-16 03:25:38','2024-12-16 03:25:38','2024-12-16 03:25:38',NULL,'f388f272-0bf0-49d2-a41f-070b7cd26911'),('9e9ed9b3-169f-4f7a-abe5-6e2043acdd28','login',1,'2024-12-11 10:53:06','2024-12-11 10:53:06','2024-12-11 10:53:06',NULL,'fb4a8b4f-834a-4c38-868a-9f98f7ea4d7c'),('9ec862fe-74b8-477f-8bc3-b3866ca36418','login',1,'2025-05-07 08:48:23','2025-05-07 08:48:23','2025-05-07 08:48:23',NULL,'ec6afc7a-f330-4804-82a9-bf061cd692a8'),('9ed50c56-f828-47d6-89cc-13dafa40a74b','login',1,'2024-12-28 13:04:49','2024-12-28 13:04:49','2024-12-28 13:04:49',NULL,'ec6afc7a-f330-4804-82a9-bf061cd692a8'),('9f0c98f2-9ee9-4a24-b8f6-a61129d6c007','verify-MAC',1,'2024-12-11 11:03:19','2024-12-11 11:03:19','2024-12-11 11:03:19',NULL,'fb4a8b4f-834a-4c38-868a-9f98f7ea4d7c'),('9f0cf880-db56-4e42-9bcd-bc3bcfc58a1c','encrypt',1,'2024-12-16 07:41:34','2024-12-16 07:41:34','2024-12-16 07:41:34',NULL,'f388f272-0bf0-49d2-a41f-070b7cd26911'),('9f254bf3-cf86-46ad-9963-0f9fd401f21c','external-sign',1,'2024-12-20 09:00:25','2024-12-20 09:00:25','2024-12-20 09:00:25',NULL,'f388f272-0bf0-49d2-a41f-070b7cd26911'),('9fcdd855-ace0-4049-beca-fd904a029ff6','login',0,'2024-12-30 01:43:56','2024-12-30 01:43:56','2024-12-30 01:43:56',NULL,'ec6afc7a-f330-4804-82a9-bf061cd692a8'),('9fee8b0c-f410-4394-9796-9af8dca3e65e','external-seal',0,'2024-12-20 06:54:26','2024-12-20 06:54:26','2024-12-20 06:54:26',NULL,'f388f272-0bf0-49d2-a41f-070b7cd26911'),('a0d7352a-7b98-45e3-ae2e-bbd99cfdf402','key-info',1,'2024-12-11 14:41:30','2024-12-11 14:41:30','2024-12-11 14:41:30',NULL,'fb4a8b4f-834a-4c38-868a-9f98f7ea4d7c'),('a1026e7c-dbf5-471a-a663-5accfac14306','key-generate',1,'2024-12-11 09:48:59','2024-12-11 09:48:59','2024-12-11 09:48:59',NULL,'ec6afc7a-f330-4804-82a9-bf061cd692a8'),('a2246e79-c011-46ce-986b-b467d5046c1d','login',1,'2024-12-16 03:11:01','2024-12-16 03:11:01','2024-12-16 03:11:01',NULL,'f388f272-0bf0-49d2-a41f-070b7cd26911'),('a2fc7462-79ba-452e-a347-ff8cac3363bc','external-seal',0,'2024-12-20 06:54:26','2024-12-20 06:54:26','2024-12-20 06:54:26',NULL,'f388f272-0bf0-49d2-a41f-070b7cd26911'),('a3569997-3998-4178-9aa5-d3add7d9d379','external-seal',1,'2024-12-20 06:35:15','2024-12-20 06:35:15','2024-12-20 06:35:15',NULL,'f388f272-0bf0-49d2-a41f-070b7cd26911'),('a37de587-827d-4b34-8876-6bd181d9e85a','external-keypair-generate',0,'2025-06-26 06:33:46','2025-06-26 06:33:46','2025-06-26 06:33:46',NULL,'ec6afc7a-f330-4804-82a9-bf061cd692a8'),('a3c606e4-8b95-4896-b937-ae6bd2aa16d0','external-mac-generate',1,'2024-12-11 10:05:14','2024-12-11 10:05:14','2024-12-11 10:05:14',NULL,'ec6afc7a-f330-4804-82a9-bf061cd692a8'),('a3e90243-b944-4a32-bf2b-4ed79ce7cd7f','login',1,'2024-12-19 06:55:53','2024-12-19 06:55:53','2024-12-19 06:55:53',NULL,'f388f272-0bf0-49d2-a41f-070b7cd26911'),('a3ef119e-e1cd-4c45-8463-4bb29ca30ce4','encrypt',1,'2024-12-16 07:40:16','2024-12-16 07:40:16','2024-12-16 07:40:16',NULL,'f388f272-0bf0-49d2-a41f-070b7cd26911'),('a45d49b8-d282-4a14-895c-915f1912d2d7','login',1,'2025-01-30 10:25:04','2025-01-30 10:25:04','2025-01-30 10:25:04',NULL,'ec6afc7a-f330-4804-82a9-bf061cd692a8'),('a4739f0f-4694-4f7d-b6c8-8f7dceaf05a8','login',1,'2025-01-09 02:33:45','2025-01-09 02:33:45','2025-01-09 02:33:45',NULL,'f388f272-0bf0-49d2-a41f-070b7cd26911'),('a4b0f4e6-18dd-4f74-8d15-5be7471eae2c','generate-MAC',1,'2024-12-11 13:45:44','2024-12-11 13:45:44','2024-12-11 13:45:44',NULL,'fb4a8b4f-834a-4c38-868a-9f98f7ea4d7c'),('a4c19663-4c15-4014-b74b-6b5791b9324b','encrypt',1,'2025-05-07 07:07:46','2025-05-07 07:07:46','2025-05-07 07:07:46',NULL,'ec6afc7a-f330-4804-82a9-bf061cd692a8'),('a4fa79f3-f796-4b1f-b7e8-7d137f262e11','tokenize',0,'2024-12-11 14:16:42','2024-12-11 14:16:42','2024-12-11 14:16:42',NULL,'fb4a8b4f-834a-4c38-868a-9f98f7ea4d7c'),('a52f8496-6922-494d-968e-b247cdc736fc','login',1,'2025-01-09 03:20:04','2025-01-09 03:20:04','2025-01-09 03:20:04',NULL,'f388f272-0bf0-49d2-a41f-070b7cd26911'),('a610b177-b849-4007-8129-02d4eaed0ba9','external-verify',0,'2024-12-20 09:01:50','2024-12-20 09:01:50','2024-12-20 09:01:50',NULL,'f388f272-0bf0-49d2-a41f-070b7cd26911'),('a62d715f-0fc7-4546-8ee3-0da0be59f746','external-keypair-generate',1,'2025-01-09 08:58:24','2025-01-09 08:58:24','2025-01-09 08:58:24',NULL,'f388f272-0bf0-49d2-a41f-070b7cd26911'),('a66ddcb5-f4c0-44c6-bd60-09a2ca14d672','refresh-session',1,'2025-01-09 08:05:29','2025-01-09 08:05:29','2025-01-09 08:05:29',NULL,'f388f272-0bf0-49d2-a41f-070b7cd26911'),('a6727063-bc48-41b7-9f1a-8cda61232f80','login',0,'2024-11-19 03:58:57','2024-11-19 03:58:57','2024-11-19 03:58:57',NULL,'b0f943e9-58a2-4ca2-87b2-c3a2961d82ab'),('a6bc7474-e56f-4e08-b262-9c5345d2a7b6','decrypt',1,'2024-12-11 14:14:29','2024-12-11 14:14:29','2024-12-11 14:14:29',NULL,'fb4a8b4f-834a-4c38-868a-9f98f7ea4d7c'),('a6bcd2e1-f14b-47e6-b1f0-023757123f28','external-keypair-generate',0,'2025-06-26 06:30:32','2025-06-26 06:30:32','2025-06-26 06:30:32',NULL,'ec6afc7a-f330-4804-82a9-bf061cd692a8'),('a775e5a3-853d-43ec-9bc4-4ceff566c05d','external-keypair-generate',1,'2024-12-11 23:43:18','2024-12-11 23:43:18','2024-12-11 23:43:18',NULL,'fb4a8b4f-834a-4c38-868a-9f98f7ea4d7c'),('a7f0dbd9-b8c1-4580-9f11-f26fc6373967','external-verify',0,'2024-12-11 10:59:08','2024-12-11 10:59:08','2024-12-11 10:59:08',NULL,'fb4a8b4f-834a-4c38-868a-9f98f7ea4d7c'),('a88a56a7-4c04-4283-b33e-6c865cf4849a','refresh-session',1,'2024-12-16 03:11:45','2024-12-16 03:11:45','2024-12-16 03:11:45',NULL,'f388f272-0bf0-49d2-a41f-070b7cd26911'),('a99369a0-4add-488c-a167-aca9c9e5e7ae','decrypt',0,'2024-12-11 14:00:15','2024-12-11 14:00:15','2024-12-11 14:00:15',NULL,'fb4a8b4f-834a-4c38-868a-9f98f7ea4d7c'),('aa0cf1bd-30a2-46d6-b93e-9cd848b0c430','encrypt',1,'2024-12-16 07:16:28','2024-12-16 07:16:28','2024-12-16 07:16:28',NULL,'f388f272-0bf0-49d2-a41f-070b7cd26911'),('aa28bb8f-343c-4b88-9733-af1894b013d8','cert-sign',0,'2025-06-23 04:07:02','2025-06-23 04:07:02','2025-06-23 04:07:02',NULL,'ec6afc7a-f330-4804-82a9-bf061cd692a8'),('aa7cc06e-7ca1-403b-8fa1-e3100461fb2e','external-verify',0,'2024-12-20 09:14:49','2024-12-20 09:14:49','2024-12-20 09:14:49',NULL,'f388f272-0bf0-49d2-a41f-070b7cd26911'),('aad12a96-261e-4b20-8c88-f8c2d76897de','encrypt',0,'2024-12-16 08:09:58','2024-12-16 08:09:58','2024-12-16 08:09:58',NULL,'f388f272-0bf0-49d2-a41f-070b7cd26911'),('ab7ee523-887b-4f83-a56a-529c04d795ec','external-mac-generate',1,'2024-12-20 03:48:07','2024-12-20 03:48:07','2024-12-20 03:48:07',NULL,'f388f272-0bf0-49d2-a41f-070b7cd26911'),('ab936890-56e1-4623-a7e8-90b5a049188d','login',1,'2024-12-24 04:38:11','2024-12-24 04:38:11','2024-12-24 04:38:11',NULL,'ec6afc7a-f330-4804-82a9-bf061cd692a8'),('abd7114d-4d3f-44a7-b41d-134e9b11cb53','external-keypair-generate',1,'2025-01-09 03:21:14','2025-01-09 03:21:14','2025-01-09 03:21:14',NULL,'f388f272-0bf0-49d2-a41f-070b7cd26911'),('abef4ed4-204a-42f9-9970-27adfdc5a50e','external-unseal',0,'2024-12-20 06:33:29','2024-12-20 06:33:29','2024-12-20 06:33:29',NULL,'f388f272-0bf0-49d2-a41f-070b7cd26911'),('ac1994d7-d799-4928-82aa-d04c17611c05','generate-MAC',1,'2024-12-11 13:38:31','2024-12-11 13:38:31','2024-12-11 13:38:31',NULL,'fb4a8b4f-834a-4c38-868a-9f98f7ea4d7c'),('ae4d76f6-69d1-4f2f-ba32-3389035a8ebe','login',1,'2025-01-06 02:30:22','2025-01-06 02:30:22','2025-01-06 02:30:22',NULL,'ec6afc7a-f330-4804-82a9-bf061cd692a8'),('ae617fcb-6302-451d-abf8-5440874b9c43','unseal',1,'2025-05-08 06:59:44','2025-05-08 06:59:44','2025-05-08 06:59:44',NULL,'ec6afc7a-f330-4804-82a9-bf061cd692a8'),('ae656799-0ff9-42a8-957d-88e17585b6f0','external-verify',0,'2024-12-20 09:09:58','2024-12-20 09:09:58','2024-12-20 09:09:58',NULL,'f388f272-0bf0-49d2-a41f-070b7cd26911'),('ae8b721c-1a86-4f52-bd62-1fb2bccdcb96','encrypt',0,'2024-12-16 03:43:24','2024-12-16 03:43:24','2024-12-16 03:43:24',NULL,'f388f272-0bf0-49d2-a41f-070b7cd26911'),('af12cc2d-3ff2-40b8-a898-4ce61a4e1412','decrypt',1,'2024-12-16 07:22:46','2024-12-16 07:22:46','2024-12-16 07:22:46',NULL,'f388f272-0bf0-49d2-a41f-070b7cd26911'),('af9b0473-e4c0-4741-a788-89b6703ac1c0','login',1,'2024-12-17 07:55:09','2024-12-17 07:55:09','2024-12-17 07:55:09',NULL,'f388f272-0bf0-49d2-a41f-070b7cd26911'),('afba6295-21a6-40a0-a65b-9c66c05587f9','login',1,'2024-12-20 09:10:50','2024-12-20 09:10:50','2024-12-20 09:10:50',NULL,'f388f272-0bf0-49d2-a41f-070b7cd26911'),('b0027e74-cc42-40f2-8391-a18912c62569','decrypt',0,'2024-12-16 08:08:57','2024-12-16 08:08:57','2024-12-16 08:08:57',NULL,'f388f272-0bf0-49d2-a41f-070b7cd26911'),('b01b8692-7e72-4c5b-8c08-cb8f8df751f0','external-tokenize',1,'2024-12-20 03:54:42','2024-12-20 03:54:42','2024-12-20 03:54:42',NULL,'f388f272-0bf0-49d2-a41f-070b7cd26911'),('b0c2eecd-61e4-4003-b2fe-fdc1620f4f5c','external-keypair-generate',0,'2025-06-26 06:32:53','2025-06-26 06:32:53','2025-06-26 06:32:53',NULL,'ec6afc7a-f330-4804-82a9-bf061cd692a8'),('b0c9a524-ca1f-423e-b031-8b0e24dfa25b','external-keypair-generate',1,'2025-06-29 04:44:33','2025-06-29 04:44:33','2025-06-29 04:44:33',NULL,'ec6afc7a-f330-4804-82a9-bf061cd692a8'),('b16a21bf-b5c4-48fb-9e2d-c80c4bbaaec7','encrypt',0,'2024-12-16 04:00:50','2024-12-16 04:00:50','2024-12-16 04:00:50',NULL,'f388f272-0bf0-49d2-a41f-070b7cd26911'),('b18eaf88-c078-424b-b8e9-1c3a4acaf758','encrypt',1,'2024-12-16 03:55:38','2024-12-16 03:55:38','2024-12-16 03:55:38',NULL,'f388f272-0bf0-49d2-a41f-070b7cd26911'),('b1a92360-ad5a-4a66-8c84-5278c610ac92','seal',1,'2024-12-16 03:50:45','2024-12-16 03:50:45','2024-12-16 03:50:45',NULL,'f388f272-0bf0-49d2-a41f-070b7cd26911'),('b1e38169-f32c-4040-8c75-bbbe61ea9198','verify-MAC',0,'2024-12-16 03:26:59','2024-12-16 03:26:59','2024-12-16 03:26:59',NULL,'f388f272-0bf0-49d2-a41f-070b7cd26911'),('b2edc3f2-cf9b-4bd3-a03d-9475d70faaf7','decrypt',1,'2024-11-18 09:38:24','2024-11-18 09:38:24','2024-11-18 09:38:24',NULL,'fb4a8b4f-834a-4c38-868a-9f98f7ea4d7c'),('b3cb2d22-d722-4f8e-8623-e06396b6cb37','external-keypair-generate',0,'2024-12-17 08:36:49','2024-12-17 08:36:49','2024-12-17 08:36:49',NULL,'f388f272-0bf0-49d2-a41f-070b7cd26911'),('b3d2ba80-cfc4-4e97-9bf6-73ade6f50f08','external-keypair-generate',0,'2024-12-11 10:22:58','2024-12-11 10:22:58','2024-12-11 10:22:58',NULL,'fb4a8b4f-834a-4c38-868a-9f98f7ea4d7c'),('b47d9ff3-05de-4edd-b667-e52858eb4c21','secret-get',1,'2025-06-26 03:39:42','2025-06-26 03:39:42','2025-06-26 03:39:42',NULL,'f388f272-0bf0-49d2-a41f-070b7cd26911'),('b571de75-bd04-45ed-9206-d77872fd5885','login',0,'2024-11-19 03:57:15','2024-11-19 03:57:15','2024-11-19 03:57:15',NULL,'b0f943e9-58a2-4ca2-87b2-c3a2961d82ab'),('b59dd677-0671-4ddf-814b-b3d099f54ddc','external-sign',0,'2024-12-20 09:10:31','2024-12-20 09:10:31','2024-12-20 09:10:31',NULL,'f388f272-0bf0-49d2-a41f-070b7cd26911'),('b682212f-5656-4ab1-87da-f77f0900b895','external-seal',1,'2024-12-20 07:20:42','2024-12-20 07:20:42','2024-12-20 07:20:42',NULL,'f388f272-0bf0-49d2-a41f-070b7cd26911'),('b69bc64e-cc1e-4c85-b03d-116a8c3c898a','decrypt',0,'2024-12-16 04:30:34','2024-12-16 04:30:34','2024-12-16 04:30:34',NULL,'f388f272-0bf0-49d2-a41f-070b7cd26911'),('b69dd70a-85c6-4a71-b143-65a61de6f414','decrypt',0,'2024-12-16 04:25:09','2024-12-16 04:25:09','2024-12-16 04:25:09',NULL,'f388f272-0bf0-49d2-a41f-070b7cd26911'),('b752a6e0-5385-4b97-8854-ac59b76fbe9b','encrypt',1,'2024-12-16 04:31:15','2024-12-16 04:31:15','2024-12-16 04:31:15',NULL,'f388f272-0bf0-49d2-a41f-070b7cd26911'),('b7f442ff-97ac-4479-b300-a88cf4bdbfbf','login',1,'2024-12-28 23:55:07','2024-12-28 23:55:07','2024-12-28 23:55:07',NULL,'ec6afc7a-f330-4804-82a9-bf061cd692a8'),('b86807c9-3887-4ff4-8179-966ac5993855','login',1,'2024-12-23 07:50:19','2024-12-23 07:50:19','2024-12-23 07:50:19',NULL,'ec6afc7a-f330-4804-82a9-bf061cd692a8'),('b8bfab1f-ddd7-41ac-924a-6bc297ef175f','generate-MAC',1,'2024-12-16 03:19:09','2024-12-16 03:19:09','2024-12-16 03:19:09',NULL,'f388f272-0bf0-49d2-a41f-070b7cd26911'),('b92510c8-aff7-4b7d-8467-f57d7f51927b','sign',0,'2024-12-16 08:48:40','2024-12-16 08:48:40','2024-12-16 08:48:40',NULL,'f388f272-0bf0-49d2-a41f-070b7cd26911'),('babf35c8-e089-432b-80d4-322e1912d4eb','login',1,'2025-05-07 06:45:21','2025-05-07 06:45:21','2025-05-07 06:45:21',NULL,'ec6afc7a-f330-4804-82a9-bf061cd692a8'),('baed3815-85d6-4bc7-b91e-e2b08a6b9fd7','cert-sign',0,'2025-06-23 04:13:15','2025-06-23 04:13:15','2025-06-23 04:13:15',NULL,'ec6afc7a-f330-4804-82a9-bf061cd692a8'),('bb51b06e-440f-4bfb-85f9-1769e7b58133','verify-sign',0,'2024-12-16 09:10:14','2024-12-16 09:10:14','2024-12-16 09:10:14',NULL,'f388f272-0bf0-49d2-a41f-070b7cd26911'),('bb59f986-85bd-423e-9a51-ee17b32464a5','external-unseal',0,'2024-12-20 06:33:47','2024-12-20 06:33:47','2024-12-20 06:33:47',NULL,'f388f272-0bf0-49d2-a41f-070b7cd26911'),('bb87076e-780c-400b-a165-3029172721a3','external-keypair-generate',1,'2025-06-29 04:43:12','2025-06-29 04:43:12','2025-06-29 04:43:12',NULL,'ec6afc7a-f330-4804-82a9-bf061cd692a8'),('bc7637c0-76d4-434f-9f05-97a2ef20b175','verify-sign',0,'2024-12-16 09:10:24','2024-12-16 09:10:24','2024-12-16 09:10:24',NULL,'f388f272-0bf0-49d2-a41f-070b7cd26911'),('bd4cc628-0a8d-47c3-8bde-f6ab05424522','decrypt',0,'2024-12-11 11:27:03','2024-12-11 11:27:03','2024-12-11 11:27:03',NULL,'fb4a8b4f-834a-4c38-868a-9f98f7ea4d7c'),('bd8ac746-e13f-415f-9427-d6053b41ea2d','decrypt',0,'2024-11-15 10:15:49','2024-11-15 10:15:49','2024-11-15 10:15:49',NULL,'ec6afc7a-f330-4804-82a9-bf061cd692a8'),('bdcacca9-d169-4e7e-949a-1fcb4475eebf','encrypt',0,'2024-12-16 08:09:47','2024-12-16 08:09:47','2024-12-16 08:09:47',NULL,'f388f272-0bf0-49d2-a41f-070b7cd26911'),('be7148eb-f9e6-4e83-a37d-57ab23e2f617','encrypt',1,'2024-12-16 03:55:29','2024-12-16 03:55:29','2024-12-16 03:55:29',NULL,'f388f272-0bf0-49d2-a41f-070b7cd26911'),('bed59f2c-4fae-4539-810f-f3897fad6916','external-mac-generate',0,'2024-12-20 03:46:51','2024-12-20 03:46:51','2024-12-20 03:46:51',NULL,'f388f272-0bf0-49d2-a41f-070b7cd26911'),('bf5aa5b8-58ea-4b4f-9120-f2ade81d467a','external-sign',0,'2024-12-20 08:57:40','2024-12-20 08:57:40','2024-12-20 08:57:40',NULL,'f388f272-0bf0-49d2-a41f-070b7cd26911'),('bfa3064d-2d60-4042-94b4-2b6a84d1f797','decrypt',0,'2024-12-16 04:17:05','2024-12-16 04:17:05','2024-12-16 04:17:05',NULL,'f388f272-0bf0-49d2-a41f-070b7cd26911'),('c0407463-62f6-41f9-adad-dfddc892e828','external-unseal',1,'2024-12-20 07:23:03','2024-12-20 07:23:03','2024-12-20 07:23:03',NULL,'f388f272-0bf0-49d2-a41f-070b7cd26911'),('c048e550-f25b-4f9e-9087-d47473dc326b','external-keypair-generate',0,'2024-12-11 10:20:07','2024-12-11 10:20:07','2024-12-11 10:20:07',NULL,'fb4a8b4f-834a-4c38-868a-9f98f7ea4d7c'),('c05e2ab8-8496-424d-914f-31b60f5b6b35','decrypt',0,'2024-12-16 04:12:06','2024-12-16 04:12:06','2024-12-16 04:12:06',NULL,'f388f272-0bf0-49d2-a41f-070b7cd26911'),('c07744cd-17a2-4c17-bd5f-4b0ab06f370f','encrypt',1,'2024-12-16 04:02:43','2024-12-16 04:02:43','2024-12-16 04:02:43',NULL,'f388f272-0bf0-49d2-a41f-070b7cd26911'),('c0ff4b6e-cf93-4003-8ffe-e5f92ea73464','login',1,'2025-01-05 01:07:01','2025-01-05 01:07:01','2025-01-05 01:07:01',NULL,'ec6afc7a-f330-4804-82a9-bf061cd692a8'),('c1582bce-bce2-43ce-a38d-1084749525c8','decrypt',1,'2024-12-16 07:25:32','2024-12-16 07:25:32','2024-12-16 07:25:32',NULL,'f388f272-0bf0-49d2-a41f-070b7cd26911'),('c15ab346-d148-44c8-881a-5490c121cffd','decrypt',0,'2024-12-16 04:12:56','2024-12-16 04:12:56','2024-12-16 04:12:56',NULL,'f388f272-0bf0-49d2-a41f-070b7cd26911'),('c1775588-3170-4eed-b66d-c77da7dd5212','external-mac-generate',1,'2024-12-20 03:48:37','2024-12-20 03:48:37','2024-12-20 03:48:37',NULL,'f388f272-0bf0-49d2-a41f-070b7cd26911'),('c1ed4940-d233-44e4-a4cb-f5d612b48827','cert-sign',0,'2025-06-23 04:06:25','2025-06-23 04:06:25','2025-06-23 04:06:25',NULL,'ec6afc7a-f330-4804-82a9-bf061cd692a8'),('c264680d-7d14-43f4-91eb-6de2e971cf73','external-sign',0,'2024-12-20 08:57:27','2024-12-20 08:57:27','2024-12-20 08:57:27',NULL,'f388f272-0bf0-49d2-a41f-070b7cd26911'),('c286adc5-bba9-49f6-bd8e-dbb658bc4c6c','login',1,'2024-12-19 06:55:10','2024-12-19 06:55:10','2024-12-19 06:55:10',NULL,'f388f272-0bf0-49d2-a41f-070b7cd26911'),('c286d5c1-3ee2-4119-b1ce-14dc3dfe69c1','encrypt',1,'2024-12-16 03:54:43','2024-12-16 03:54:43','2024-12-16 03:54:43',NULL,'f388f272-0bf0-49d2-a41f-070b7cd26911'),('c2876e85-8216-464d-b9f2-318c7f2b04ce','encrypt',1,'2024-12-16 07:33:26','2024-12-16 07:33:26','2024-12-16 07:33:26',NULL,'f388f272-0bf0-49d2-a41f-070b7cd26911'),('c2adcff8-93e3-461f-893a-e100c097f58d','generate-MAC',1,'2024-12-11 13:31:02','2024-12-11 13:31:02','2024-12-11 13:31:02',NULL,'fb4a8b4f-834a-4c38-868a-9f98f7ea4d7c'),('c2b62708-75fd-4bad-af04-857bcbe8e90c','login',1,'2025-06-26 03:16:41','2025-06-26 03:16:41','2025-06-26 03:16:41',NULL,'f388f272-0bf0-49d2-a41f-070b7cd26911'),('c3187cfc-91e0-4ce3-9451-c9d9896a76b1','seal',1,'2025-05-08 08:07:06','2025-05-08 08:07:06','2025-05-08 08:07:06',NULL,'ec6afc7a-f330-4804-82a9-bf061cd692a8'),('c328a050-3053-47fb-adb3-9dbba39f0ffe','login',1,'2024-12-23 08:51:54','2024-12-23 08:51:54','2024-12-23 08:51:54',NULL,'ec6afc7a-f330-4804-82a9-bf061cd692a8'),('c328e8e4-8cad-429f-8c89-66239f239728','login',1,'2024-12-09 06:40:11','2024-12-09 06:40:11','2024-12-09 06:40:11',NULL,'fb4a8b4f-834a-4c38-868a-9f98f7ea4d7c'),('c32d6c9d-14f4-45b9-8b91-045c8cf88cb2','encrypt',1,'2024-12-16 07:33:10','2024-12-16 07:33:10','2024-12-16 07:33:10',NULL,'f388f272-0bf0-49d2-a41f-070b7cd26911'),('c35565d5-14ba-4fcc-9915-aa9995c34b89','decrypt',0,'2024-12-16 04:31:55','2024-12-16 04:31:55','2024-12-16 04:31:55',NULL,'f388f272-0bf0-49d2-a41f-070b7cd26911'),('c3ceec05-5633-4d83-be56-050ae5a0e1a9','login',1,'2025-01-14 01:05:48','2025-01-14 01:05:48','2025-01-14 01:05:48',NULL,'ec6afc7a-f330-4804-82a9-bf061cd692a8'),('c452ee02-575d-4eb8-abbf-b27ad7c63096','key-generate',1,'2024-12-20 03:45:34','2024-12-20 03:45:34','2024-12-20 03:45:34',NULL,'f388f272-0bf0-49d2-a41f-070b7cd26911'),('c45a9b58-eed3-46e7-bc30-5610f47b0749','encrypt',1,'2024-12-11 11:21:12','2024-12-11 11:21:12','2024-12-11 11:21:12',NULL,'fb4a8b4f-834a-4c38-868a-9f98f7ea4d7c'),('c495ba6e-8166-4270-a7a3-91e17b64db31','external-sign',1,'2024-12-20 08:53:48','2024-12-20 08:53:48','2024-12-20 08:53:48',NULL,'f388f272-0bf0-49d2-a41f-070b7cd26911'),('c4a1fbf5-75a8-402a-bc3e-32fb46c08d04','decrypt',0,'2024-12-16 04:29:22','2024-12-16 04:29:22','2024-12-16 04:29:22',NULL,'f388f272-0bf0-49d2-a41f-070b7cd26911'),('c4d03cb9-f2ea-4309-a081-ee43ce20a070','tokenize',0,'2024-12-16 08:41:28','2024-12-16 08:41:28','2024-12-16 08:41:28',NULL,'f388f272-0bf0-49d2-a41f-070b7cd26911'),('c4d27a9e-e61e-4053-a62b-7c60225f1fba','encrypt',0,'2024-12-16 03:47:53','2024-12-16 03:47:53','2024-12-16 03:47:53',NULL,'f388f272-0bf0-49d2-a41f-070b7cd26911'),('c550b207-47b3-4d66-bd5a-396d2e7ee593','login',1,'2025-01-05 01:09:57','2025-01-05 01:09:57','2025-01-05 01:09:57',NULL,'ec6afc7a-f330-4804-82a9-bf061cd692a8'),('c569d9a3-39cc-4848-9bf6-70f398994290','decrypt',0,'2024-12-16 08:08:58','2024-12-16 08:08:58','2024-12-16 08:08:58',NULL,'f388f272-0bf0-49d2-a41f-070b7cd26911'),('c5bd336d-5239-4cc9-a689-354919b21221','refresh-session',0,'2024-12-16 03:07:33','2024-12-16 03:07:33','2024-12-16 03:07:33',NULL,'f388f272-0bf0-49d2-a41f-070b7cd26911'),('c68058f4-3f30-434b-90cc-e0f27ae412e2','external-verify',0,'2024-12-20 09:13:51','2024-12-20 09:13:51','2024-12-20 09:13:51',NULL,'f388f272-0bf0-49d2-a41f-070b7cd26911'),('c6869395-ff89-48c5-bc28-a4725e3d9c63','decrypt',0,'2024-12-11 11:29:36','2024-12-11 11:29:36','2024-12-11 11:29:36',NULL,'fb4a8b4f-834a-4c38-868a-9f98f7ea4d7c'),('c738b4a4-9bf4-4df1-9646-2cb6a55ea4d4','unseal',1,'2024-12-11 13:50:49','2024-12-11 13:50:49','2024-12-11 13:50:49',NULL,'fb4a8b4f-834a-4c38-868a-9f98f7ea4d7c'),('c7a56445-7499-4d05-84e6-9ea7e4b34a72','external-decrypt',0,'2024-12-12 02:20:30','2024-12-12 02:20:30','2024-12-12 02:20:30',NULL,'fb4a8b4f-834a-4c38-868a-9f98f7ea4d7c'),('c7f5c86e-e847-4002-8d9c-eb3c251a540c','decrypt',0,'2024-12-16 08:08:54','2024-12-16 08:08:54','2024-12-16 08:08:54',NULL,'f388f272-0bf0-49d2-a41f-070b7cd26911'),('c823cf31-5a91-4840-8abb-17de465c436e','cert-sign',0,'2025-06-26 07:19:14','2025-06-26 07:19:14','2025-06-26 07:19:14',NULL,'f388f272-0bf0-49d2-a41f-070b7cd26911'),('c896807a-cba7-461f-88c2-f4297b863375','seal',1,'2025-05-08 07:54:47','2025-05-08 07:54:47','2025-05-08 07:54:47',NULL,'ec6afc7a-f330-4804-82a9-bf061cd692a8'),('c8ddb6e4-9ebf-4a16-9cb3-a9269ed71826','external-encrypt',1,'2025-06-29 04:48:52','2025-06-29 04:48:52','2025-06-29 04:48:52',NULL,'ec6afc7a-f330-4804-82a9-bf061cd692a8'),('c92dfcf4-6f85-42bd-937a-0a8f53a980b2','external-seal',1,'2024-12-20 07:19:36','2024-12-20 07:19:36','2024-12-20 07:19:36',NULL,'f388f272-0bf0-49d2-a41f-070b7cd26911'),('c94b58a8-e521-49b8-8846-60c406e25d12','seal',1,'2024-12-16 03:50:40','2024-12-16 03:50:40','2024-12-16 03:50:40',NULL,'f388f272-0bf0-49d2-a41f-070b7cd26911'),('c968135f-4def-4431-9957-f82ae4909e64','login',1,'2024-12-20 08:56:57','2024-12-20 08:56:57','2024-12-20 08:56:57',NULL,'f388f272-0bf0-49d2-a41f-070b7cd26911'),('ca04b9a5-33a5-443f-9a24-da770acdd033','generate-MAC',0,'2025-06-20 03:32:48','2025-06-20 03:32:48','2025-06-20 03:32:48',NULL,'ec6afc7a-f330-4804-82a9-bf061cd692a8'),('ca5acb64-8b16-4b52-a83d-8ac1200ad860','encrypt',0,'2024-12-11 11:19:28','2024-12-11 11:19:28','2024-12-11 11:19:28',NULL,'fb4a8b4f-834a-4c38-868a-9f98f7ea4d7c'),('ca77565b-ea36-48ac-a7f5-3b6f2f9b9bcf','login',1,'2024-12-16 08:10:24','2024-12-16 08:10:24','2024-12-16 08:10:24',NULL,'f388f272-0bf0-49d2-a41f-070b7cd26911'),('cb839be2-7101-4532-8139-01f756e8cc34','login',1,'2025-02-06 05:22:24','2025-02-06 05:22:24','2025-02-06 05:22:24',NULL,'542b192e-c18f-4cd8-b06f-217e531ac954'),('cbf00743-aa9f-4f22-814f-0ed6987e0da4','external-unseal',0,'2024-12-20 06:34:17','2024-12-20 06:34:17','2024-12-20 06:34:17',NULL,'f388f272-0bf0-49d2-a41f-070b7cd26911'),('cbf32b3f-adcb-492a-8c9a-8e18679bbd5c','cert-sign',0,'2025-06-25 09:18:13','2025-06-25 09:18:13','2025-06-25 09:18:13',NULL,'ec6afc7a-f330-4804-82a9-bf061cd692a8'),('cc62bbde-2456-427a-b447-ac937ca2a387','unseal',1,'2024-12-11 11:17:53','2024-12-11 11:17:53','2024-12-11 11:17:53',NULL,'fb4a8b4f-834a-4c38-868a-9f98f7ea4d7c'),('cd7381f1-7803-4ca7-aae1-d9fcf99631ae','external-keypair-generate',0,'2024-12-17 08:36:39','2024-12-17 08:36:39','2024-12-17 08:36:39',NULL,'f388f272-0bf0-49d2-a41f-070b7cd26911'),('cd7bac75-fdca-4f22-b1b1-7afb5933f77c','cert-sign',0,'2025-06-23 04:08:49','2025-06-23 04:08:49','2025-06-23 04:08:49',NULL,'ec6afc7a-f330-4804-82a9-bf061cd692a8'),('ce4fcf4a-66fd-482e-82f2-ce9d9030e46c','external-keypair-generate',0,'2025-01-09 03:02:43','2025-01-09 03:02:43','2025-01-09 03:02:43',NULL,'f388f272-0bf0-49d2-a41f-070b7cd26911'),('ce5b5862-432c-424f-bf6e-eafba00c511b','login',1,'2024-12-28 03:02:54','2024-12-28 03:02:54','2024-12-28 03:02:54',NULL,'ec6afc7a-f330-4804-82a9-bf061cd692a8'),('cf191eba-1943-466b-98ba-ddc59a2cd124','encrypt',0,'2025-06-20 03:51:45','2025-06-20 03:51:45','2025-06-20 03:51:45',NULL,'ec6afc7a-f330-4804-82a9-bf061cd692a8'),('cf1d9953-e5b8-42bb-a65c-d62717a44758','cert-sign',0,'2025-06-26 04:52:04','2025-06-26 04:52:04','2025-06-26 04:52:04',NULL,'ec6afc7a-f330-4804-82a9-bf061cd692a8'),('cf339137-9fe6-4cef-a85f-91a977b94bd3','cert-sign',0,'2025-06-26 04:35:03','2025-06-26 04:35:03','2025-06-26 04:35:03',NULL,'f388f272-0bf0-49d2-a41f-070b7cd26911'),('cfa9952a-f790-46a9-b9bf-0c34efcd47b6','external-keypair-generate',0,'2024-12-20 07:02:34','2024-12-20 07:02:34','2024-12-20 07:02:34',NULL,'f388f272-0bf0-49d2-a41f-070b7cd26911'),('d0ae242c-1e3e-4e56-9338-51fcc2063871','sign',0,'2024-12-16 08:51:42','2024-12-16 08:51:42','2024-12-16 08:51:42',NULL,'f388f272-0bf0-49d2-a41f-070b7cd26911'),('d2300d1d-12a2-49a2-83ce-f365f8c7202a','login',0,'2025-05-08 07:52:50','2025-05-08 07:52:50','2025-05-08 07:52:50',NULL,'ec6afc7a-f330-4804-82a9-bf061cd692a8'),('d2bbd185-6277-4732-97f6-2780db53cdc5','external-keypair-generate',0,'2024-12-20 07:01:16','2024-12-20 07:01:16','2024-12-20 07:01:16',NULL,'f388f272-0bf0-49d2-a41f-070b7cd26911'),('d2d626bd-89ba-471f-9945-590ee3c3e34f','external-keypair-generate',0,'2024-12-11 10:22:58','2024-12-11 10:22:58','2024-12-11 10:22:58',NULL,'fb4a8b4f-834a-4c38-868a-9f98f7ea4d7c'),('d37d42e6-4885-42cd-bd0f-1c9e73db4334','login',1,'2024-12-16 03:06:57','2024-12-16 03:06:57','2024-12-16 03:06:57',NULL,'f388f272-0bf0-49d2-a41f-070b7cd26911'),('d3d0b3cf-8940-4816-93c3-d4e82a0a2958','encrypt',1,'2024-12-16 04:03:02','2024-12-16 04:03:02','2024-12-16 04:03:02',NULL,'f388f272-0bf0-49d2-a41f-070b7cd26911'),('d41ad896-509b-492c-919e-109c627b0613','verify-sign',1,'2024-12-16 09:12:41','2024-12-16 09:12:41','2024-12-16 09:12:41',NULL,'f388f272-0bf0-49d2-a41f-070b7cd26911'),('d448659b-f3c6-4f6b-af9f-13eb8cff539f','external-seal',0,'2024-12-20 06:49:37','2024-12-20 06:49:37','2024-12-20 06:49:37',NULL,'f388f272-0bf0-49d2-a41f-070b7cd26911'),('d4a620bf-a708-44ca-8cc6-c446ea77d013','encrypt',0,'2024-12-16 03:47:53','2024-12-16 03:47:53','2024-12-16 03:47:53',NULL,'f388f272-0bf0-49d2-a41f-070b7cd26911'),('d4b9fd2a-8941-42e2-b906-9b6c397511fe','sign',0,'2024-12-11 14:29:21','2024-12-11 14:29:21','2024-12-11 14:29:21',NULL,'fb4a8b4f-834a-4c38-868a-9f98f7ea4d7c'),('d4cd4cc0-9d5c-4b26-9364-e954fd06f19a','external-keypair-generate',1,'2024-12-17 08:06:31','2024-12-17 08:06:31','2024-12-17 08:06:31',NULL,'f388f272-0bf0-49d2-a41f-070b7cd26911'),('d52e54a0-aa34-4551-b8d6-7044a5e2b1dc','key-info',0,'2024-12-20 08:42:32','2024-12-20 08:42:32','2024-12-20 08:42:32',NULL,'f388f272-0bf0-49d2-a41f-070b7cd26911'),('d563db07-16dc-4d35-bf4d-34e527e534c5','external-keypair-generate',1,'2024-12-17 08:27:30','2024-12-17 08:27:30','2024-12-17 08:27:30',NULL,'f388f272-0bf0-49d2-a41f-070b7cd26911'),('d56600cb-b99b-4659-9793-ce2a00daad14','login',1,'2025-01-12 04:05:38','2025-01-12 04:05:38','2025-01-12 04:05:38',NULL,'ec6afc7a-f330-4804-82a9-bf061cd692a8'),('d5adc302-7f78-4a76-b1d5-f4f2077f7d75','unseal',1,'2025-05-08 08:15:05','2025-05-08 08:15:05','2025-05-08 08:15:05',NULL,'ec6afc7a-f330-4804-82a9-bf061cd692a8'),('d5fbed1b-1714-4e73-b5b4-e65caade78a6','external-encrypt',1,'2024-12-11 10:19:23','2024-12-11 10:19:23','2024-12-11 10:19:23',NULL,'ec6afc7a-f330-4804-82a9-bf061cd692a8'),('d60011fd-0724-4f5b-9735-e45852e8964c','external-encrypt',0,'2024-12-11 10:34:59','2024-12-11 10:34:59','2024-12-11 10:34:59',NULL,'ec6afc7a-f330-4804-82a9-bf061cd692a8'),('d63a7070-512f-4871-8e3b-bac22ddf275a','login',1,'2024-12-27 23:42:49','2024-12-27 23:42:49','2024-12-27 23:42:49',NULL,'ec6afc7a-f330-4804-82a9-bf061cd692a8'),('d68706c5-37b1-4b12-ab0b-9f712555b0c2','login',1,'2024-12-19 04:55:17','2024-12-19 04:55:17','2024-12-19 04:55:17',NULL,'f388f272-0bf0-49d2-a41f-070b7cd26911'),('d6c69247-35c4-4a66-8200-35c201d24d86','cert-sign',0,'2025-06-23 04:05:36','2025-06-23 04:05:36','2025-06-23 04:05:36',NULL,'ec6afc7a-f330-4804-82a9-bf061cd692a8'),('d78365b1-c284-41af-8d5b-be9c2b1335a4','external-keypair-generate',1,'2024-12-11 10:55:38','2024-12-11 10:55:38','2024-12-11 10:55:38',NULL,'fb4a8b4f-834a-4c38-868a-9f98f7ea4d7c'),('d7bb922f-a48d-44a0-b513-0ff8c1a4d78e','login',1,'2024-12-20 07:16:47','2024-12-20 07:16:47','2024-12-20 07:16:47',NULL,'f388f272-0bf0-49d2-a41f-070b7cd26911'),('d7dcca7f-4465-460c-bea5-b8b5287c54dc','detokenize',1,'2024-12-11 14:19:53','2024-12-11 14:19:53','2024-12-11 14:19:53',NULL,'fb4a8b4f-834a-4c38-868a-9f98f7ea4d7c'),('d7ee1071-4449-4847-b971-42e321c32279','external-unseal',0,'2024-12-20 06:34:34','2024-12-20 06:34:34','2024-12-20 06:34:34',NULL,'f388f272-0bf0-49d2-a41f-070b7cd26911'),('d845843e-33e5-4f6b-8fe8-010140859e4a','login',1,'2024-12-19 04:55:21','2024-12-19 04:55:21','2024-12-19 04:55:21',NULL,'f388f272-0bf0-49d2-a41f-070b7cd26911'),('d8d7f7bb-c196-417c-bf1a-655a648ace41','sign',1,'2024-12-11 14:30:26','2024-12-11 14:30:26','2024-12-11 14:30:26',NULL,'fb4a8b4f-834a-4c38-868a-9f98f7ea4d7c'),('d8f1ef90-5977-42a5-ad19-da82390248c0','random-number',1,'2025-06-18 03:09:39','2025-06-18 03:09:39','2025-06-18 03:09:39',NULL,'ec6afc7a-f330-4804-82a9-bf061cd692a8'),('d8f9cd56-871a-436d-acf2-f5579704c96d','seal',0,'2025-05-07 08:49:48','2025-05-07 08:49:48','2025-05-07 08:49:48',NULL,'ec6afc7a-f330-4804-82a9-bf061cd692a8'),('d91ddd68-68dd-430d-bca2-5cbe8453132f','login',1,'2024-11-15 14:02:20','2024-11-15 14:02:20','2024-11-15 14:02:20',NULL,'ec6afc7a-f330-4804-82a9-bf061cd692a8'),('d94b2c8a-a369-444f-abd7-fb481550030f','key-info',1,'2024-12-20 08:47:42','2024-12-20 08:47:42','2024-12-20 08:47:42',NULL,'f388f272-0bf0-49d2-a41f-070b7cd26911'),('d9745bd7-c700-4283-aa09-6b31191df7b2','external-mac-generate',1,'2024-12-20 03:49:03','2024-12-20 03:49:03','2024-12-20 03:49:03',NULL,'f388f272-0bf0-49d2-a41f-070b7cd26911'),('d9face66-1331-4af8-9eb8-e0c8aea6d63d','external-verify',1,'2024-12-20 09:18:31','2024-12-20 09:18:31','2024-12-20 09:18:31',NULL,'f388f272-0bf0-49d2-a41f-070b7cd26911'),('da1c870a-8a13-40e4-b7df-e909b90568d4','external-mac-verify',1,'2024-12-11 23:48:35','2024-12-11 23:48:35','2024-12-11 23:48:35',NULL,'fb4a8b4f-834a-4c38-868a-9f98f7ea4d7c'),('da7e6d8f-0670-4680-b020-3837c953d57c','external-keypair-generate',1,'2024-12-17 08:29:30','2024-12-17 08:29:30','2024-12-17 08:29:30',NULL,'f388f272-0bf0-49d2-a41f-070b7cd26911'),('db641636-0653-4d58-9f6e-c86ff6e81370','sign',1,'2024-12-16 08:52:48','2024-12-16 08:52:48','2024-12-16 08:52:48',NULL,'f388f272-0bf0-49d2-a41f-070b7cd26911'),('dc6acafe-0303-4aa6-ad37-7407326eb6a9','external-keypair-generate',1,'2024-12-20 08:24:59','2024-12-20 08:24:59','2024-12-20 08:24:59',NULL,'f388f272-0bf0-49d2-a41f-070b7cd26911'),('dca3b84f-ca2c-4148-b84a-30bf5cb0cfd9','external-keypair-generate',0,'2025-06-29 04:44:21','2025-06-29 04:44:21','2025-06-29 04:44:21',NULL,'ec6afc7a-f330-4804-82a9-bf061cd692a8'),('dda5173f-8a25-4420-ac3f-004572c5cea2','login',1,'2025-06-26 04:33:00','2025-06-26 04:33:00','2025-06-26 04:33:00',NULL,'f388f272-0bf0-49d2-a41f-070b7cd26911'),('de7f0702-b0b1-4a8f-bd09-f3783e8cde06','external-keypair-generate',1,'2024-12-11 09:47:21','2024-12-11 09:47:21','2024-12-11 09:47:21',NULL,'ec6afc7a-f330-4804-82a9-bf061cd692a8'),('dea0d3bd-7208-4b19-8409-0bc58d48e2d8','login',1,'2024-12-20 07:08:58','2024-12-20 07:08:58','2024-12-20 07:08:58',NULL,'ec6afc7a-f330-4804-82a9-bf061cd692a8'),('ded67d73-3afa-445d-ba6e-dea3ba7aaaee','encrypt',1,'2024-12-16 07:15:38','2024-12-16 07:15:38','2024-12-16 07:15:38',NULL,'f388f272-0bf0-49d2-a41f-070b7cd26911'),('df184bd0-bc5d-4467-b366-5a26be168e3a','external-detokenize',1,'2024-12-20 03:57:00','2024-12-20 03:57:00','2024-12-20 03:57:00',NULL,'f388f272-0bf0-49d2-a41f-070b7cd26911'),('df7e5740-2925-45f3-ba9c-3deabd331e10','login',1,'2024-11-18 09:24:51','2024-11-18 09:24:51','2024-11-18 09:24:51',NULL,'ec6afc7a-f330-4804-82a9-bf061cd692a8'),('df960a6c-cdf5-426b-9ab5-686e6542fdd6','external-keypair-generate',1,'2025-06-26 06:25:50','2025-06-26 06:25:50','2025-06-26 06:25:50',NULL,'ec6afc7a-f330-4804-82a9-bf061cd692a8'),('e02a98de-7247-4a74-b928-e70a8c617254','external-keypair-generate',0,'2025-06-26 06:31:02','2025-06-26 06:31:02','2025-06-26 06:31:02',NULL,'ec6afc7a-f330-4804-82a9-bf061cd692a8'),('e0c82607-b3b2-4127-ba2b-ec2f81b18006','seal',1,'2025-05-21 07:31:02','2025-05-21 07:31:02','2025-05-21 07:31:02',NULL,'ec6afc7a-f330-4804-82a9-bf061cd692a8'),('e0de9fb2-d7a0-4787-9354-22c2e20d5cff','login',0,'2025-01-08 09:33:43','2025-01-08 09:33:43','2025-01-08 09:33:43',NULL,'f388f272-0bf0-49d2-a41f-070b7cd26911'),('e1a52b78-9322-4485-92a7-a7907d20165e','unseal',0,'2025-05-08 08:14:01','2025-05-08 08:14:01','2025-05-08 08:14:01',NULL,'ec6afc7a-f330-4804-82a9-bf061cd692a8'),('e246b8c1-17b6-4cb3-bb54-19885874dbb7','login',1,'2025-01-13 08:23:34','2025-01-13 08:23:34','2025-01-13 08:23:34',NULL,'ec6afc7a-f330-4804-82a9-bf061cd692a8'),('e268f410-df47-4670-ad59-4f3831f4c1aa','cert-sign',0,'2025-06-26 07:20:13','2025-06-26 07:20:13','2025-06-26 07:20:13',NULL,'f388f272-0bf0-49d2-a41f-070b7cd26911'),('e270ff87-ff53-4022-8627-699ecce12b92','verify-sign',0,'2024-12-16 09:07:00','2024-12-16 09:07:00','2024-12-16 09:07:00',NULL,'f388f272-0bf0-49d2-a41f-070b7cd26911'),('e27c88a7-a151-4bd3-85f5-b1b7eefdc12b','sign',0,'2024-12-16 08:48:33','2024-12-16 08:48:33','2024-12-16 08:48:33',NULL,'f388f272-0bf0-49d2-a41f-070b7cd26911'),('e36a3545-bd8d-4bbf-b67f-132a9bd9c2b2','sign',1,'2024-12-16 08:54:21','2024-12-16 08:54:21','2024-12-16 08:54:21',NULL,'f388f272-0bf0-49d2-a41f-070b7cd26911'),('e3941b3c-aa0f-4aac-8a0c-89de358a664f','cert-sign',0,'2025-06-23 04:07:00','2025-06-23 04:07:00','2025-06-23 04:07:00',NULL,'ec6afc7a-f330-4804-82a9-bf061cd692a8'),('e4f45bb9-4742-4aaf-8528-13a5a5a368bb','external-keypair-generate',1,'2024-12-12 02:13:36','2024-12-12 02:13:36','2024-12-12 02:13:36',NULL,'fb4a8b4f-834a-4c38-868a-9f98f7ea4d7c'),('e5c3fbbf-0366-4270-ac4f-c88d4e1dd662','external-seal',0,'2024-12-20 07:15:11','2024-12-20 07:15:11','2024-12-20 07:15:11',NULL,'f388f272-0bf0-49d2-a41f-070b7cd26911'),('e60660dd-0567-440f-b4eb-9bfae7ac6735','external-keypair-generate',1,'2024-12-17 08:23:17','2024-12-17 08:23:17','2024-12-17 08:23:17',NULL,'f388f272-0bf0-49d2-a41f-070b7cd26911'),('e6205442-f555-4f30-989f-ce27e52df216','decrypt',0,'2024-12-16 08:08:46','2024-12-16 08:08:46','2024-12-16 08:08:46',NULL,'f388f272-0bf0-49d2-a41f-070b7cd26911'),('e6ac8e4c-4c95-4ca5-ac44-77746794db1b','login',0,'2024-11-19 03:52:36','2024-11-19 03:52:36','2024-11-19 03:52:36',NULL,'b0f943e9-58a2-4ca2-87b2-c3a2961d82ab'),('e6c7e29b-6cf7-4aef-adfc-127dd93d0562','external-keypair-generate',1,'2024-12-20 07:13:57','2024-12-20 07:13:57','2024-12-20 07:13:57',NULL,'f388f272-0bf0-49d2-a41f-070b7cd26911'),('e6e6e72d-9a5b-416e-8de9-bb2b9b778139','encrypt',0,'2024-11-15 10:14:26','2024-11-15 10:14:26','2024-11-15 10:14:26',NULL,'ec6afc7a-f330-4804-82a9-bf061cd692a8'),('e6e87651-adda-49a8-96d8-813e99752ee9','login',1,'2025-05-08 07:53:09','2025-05-08 07:53:09','2025-05-08 07:53:09',NULL,'ec6afc7a-f330-4804-82a9-bf061cd692a8'),('e6eec1db-f97f-4c72-bde9-b55464ae2d82','encrypt',1,'2024-12-16 03:56:58','2024-12-16 03:56:58','2024-12-16 03:56:58',NULL,'f388f272-0bf0-49d2-a41f-070b7cd26911'),('e71fe79c-4570-4ddb-bc45-69b5b9429d7a','verify-MAC',1,'2024-12-16 03:33:28','2024-12-16 03:33:28','2024-12-16 03:33:28',NULL,'f388f272-0bf0-49d2-a41f-070b7cd26911'),('e80c15e6-0e49-47f2-b4ef-e153bc945acd','verify-MAC',1,'2024-12-11 13:32:19','2024-12-11 13:32:19','2024-12-11 13:32:19',NULL,'fb4a8b4f-834a-4c38-868a-9f98f7ea4d7c'),('e8e90737-744e-4ec4-a411-46ce7904b08b','external-keypair-generate',0,'2024-12-11 10:21:28','2024-12-11 10:21:28','2024-12-11 10:21:28',NULL,'fb4a8b4f-834a-4c38-868a-9f98f7ea4d7c'),('e9095f28-1393-48a0-8332-fc59dff001f4','external-unseal',1,'2024-12-20 06:35:56','2024-12-20 06:35:56','2024-12-20 06:35:56',NULL,'f388f272-0bf0-49d2-a41f-070b7cd26911'),('e91b2cb0-ea94-4f69-8270-b757c6329a5f','encrypt',1,'2024-12-16 03:55:19','2024-12-16 03:55:19','2024-12-16 03:55:19',NULL,'f388f272-0bf0-49d2-a41f-070b7cd26911'),('e991e0db-1af1-40cf-b2fc-eac3a89e66a4','encrypt',1,'2024-11-18 09:36:34','2024-11-18 09:36:34','2024-11-18 09:36:34',NULL,'fb4a8b4f-834a-4c38-868a-9f98f7ea4d7c'),('e9d7cfec-206c-473d-b6bd-c5d97ba6b45e','login',1,'2024-12-12 02:12:13','2024-12-12 02:12:13','2024-12-12 02:12:13',NULL,'fb4a8b4f-834a-4c38-868a-9f98f7ea4d7c'),('ea5bfbcb-7a61-4435-b75a-7b9005c6da70','login',1,'2024-12-20 07:00:48','2024-12-20 07:00:48','2024-12-20 07:00:48',NULL,'f388f272-0bf0-49d2-a41f-070b7cd26911'),('eb91632d-1562-41a7-858e-77ab35337a1e','external-seal',1,'2024-12-11 10:10:42','2024-12-11 10:10:42','2024-12-11 10:10:42',NULL,'ec6afc7a-f330-4804-82a9-bf061cd692a8'),('eb934578-9ed4-4fc4-94e1-e40849f07455','external-encrypt',1,'2024-12-12 02:16:54','2024-12-12 02:16:54','2024-12-12 02:16:54',NULL,'fb4a8b4f-834a-4c38-868a-9f98f7ea4d7c'),('ec08eab5-ca78-45a7-a986-4c34474a27d2','login',1,'2025-05-30 13:44:22','2025-05-30 13:44:22','2025-05-30 13:44:22',NULL,'ec6afc7a-f330-4804-82a9-bf061cd692a8'),('ec1e9b77-221d-4281-96c3-7bafa886f0ce','external-keypair-generate',0,'2024-12-11 09:54:50','2024-12-11 09:54:50','2024-12-11 09:54:50',NULL,'ec6afc7a-f330-4804-82a9-bf061cd692a8'),('ec5b688b-1117-4736-abe7-8821645a4cae','external-encrypt',1,'2024-12-20 06:37:12','2024-12-20 06:37:12','2024-12-20 06:37:12',NULL,'f388f272-0bf0-49d2-a41f-070b7cd26911'),('eceeb676-b746-44a3-b36c-1b11929865be','encrypt',1,'2024-12-16 04:21:42','2024-12-16 04:21:42','2024-12-16 04:21:42',NULL,'f388f272-0bf0-49d2-a41f-070b7cd26911'),('edb370bb-00a7-4ef3-aa26-f17de8805d9d','login',1,'2024-12-17 04:41:05','2024-12-17 04:41:05','2024-12-17 04:41:05',NULL,'f388f272-0bf0-49d2-a41f-070b7cd26911'),('ee2a6b9b-867e-482c-91f2-b9e6e194a87b','login',1,'2024-12-23 03:50:49','2024-12-23 03:50:49','2024-12-23 03:50:49',NULL,'ec6afc7a-f330-4804-82a9-bf061cd692a8'),('ee42d389-7495-4ddb-ab1c-bfe9ca05d641','login',0,'2025-05-07 07:28:09','2025-05-07 07:28:09','2025-05-07 07:28:09',NULL,'ec6afc7a-f330-4804-82a9-bf061cd692a8'),('eea2b56f-4726-4bad-a7ee-c9d82893ff9f','external-encrypt',0,'2024-12-12 02:15:41','2024-12-12 02:15:41','2024-12-12 02:15:41',NULL,'fb4a8b4f-834a-4c38-868a-9f98f7ea4d7c'),('eebd5222-1c22-47dd-b0a7-44f8f8daa25d','encrypt',0,'2024-12-16 03:44:26','2024-12-16 03:44:26','2024-12-16 03:44:26',NULL,'f388f272-0bf0-49d2-a41f-070b7cd26911'),('ef7c5ba3-1cd5-4970-8e55-7d7acec126ee','decrypt',1,'2024-11-15 10:17:08','2024-11-15 10:17:08','2024-11-15 10:17:08',NULL,'ec6afc7a-f330-4804-82a9-bf061cd692a8'),('efc73fca-8d1b-43b0-9abc-db95cc5fcf3b','sign',0,'2024-12-16 08:51:41','2024-12-16 08:51:41','2024-12-16 08:51:41',NULL,'f388f272-0bf0-49d2-a41f-070b7cd26911'),('f0246f93-64d1-40b6-abed-bd4f061586c9','login',1,'2024-12-19 04:55:17','2024-12-19 04:55:17','2024-12-19 04:55:17',NULL,'f388f272-0bf0-49d2-a41f-070b7cd26911'),('f0fd1881-e399-4720-bcdf-88e12dd031d8','login',0,'2025-01-08 09:36:19','2025-01-08 09:36:19','2025-01-08 09:36:19',NULL,'f388f272-0bf0-49d2-a41f-070b7cd26911'),('f1409266-8ea7-4c25-8cd8-7defbea2daff','refresh-session',1,'2025-01-15 02:53:53','2025-01-15 02:53:53','2025-01-15 02:53:53',NULL,'ec6afc7a-f330-4804-82a9-bf061cd692a8'),('f1e489fa-f3df-41ae-822a-9f485d99428d','login',1,'2024-12-19 06:55:09','2024-12-19 06:55:09','2024-12-19 06:55:09',NULL,'f388f272-0bf0-49d2-a41f-070b7cd26911'),('f249cae0-f25f-411f-97d5-c5bdbd3ff386','login',1,'2024-12-20 07:13:23','2024-12-20 07:13:23','2024-12-20 07:13:23',NULL,'f388f272-0bf0-49d2-a41f-070b7cd26911'),('f27ccd97-9a7f-4438-a03c-48504cdd51d4','sign',0,'2024-12-16 08:51:06','2024-12-16 08:51:06','2024-12-16 08:51:06',NULL,'f388f272-0bf0-49d2-a41f-070b7cd26911'),('f290ca30-11dd-4c92-bc26-11625a8c5b26','login',1,'2024-12-16 08:10:43','2024-12-16 08:10:43','2024-12-16 08:10:43',NULL,'f388f272-0bf0-49d2-a41f-070b7cd26911'),('f2aeef86-8ec9-4621-bda7-de4103f4c61a','login',1,'2024-12-16 08:10:46','2024-12-16 08:10:46','2024-12-16 08:10:46',NULL,'f388f272-0bf0-49d2-a41f-070b7cd26911'),('f2fd48bd-f6c0-4c2e-867f-b2e4269cfb07','external-decrypt',0,'2024-12-20 06:38:58','2024-12-20 06:38:58','2024-12-20 06:38:58',NULL,'f388f272-0bf0-49d2-a41f-070b7cd26911'),('f3671890-ab57-46a7-ae5f-4bd93c019a11','external-encrypt',0,'2024-12-11 10:18:20','2024-12-11 10:18:20','2024-12-11 10:18:20',NULL,'ec6afc7a-f330-4804-82a9-bf061cd692a8'),('f3e61f96-c6f3-48f5-bbf5-1a59d61c9fbc','login',1,'2025-05-08 08:29:49','2025-05-08 08:29:49','2025-05-08 08:29:49',NULL,'ec6afc7a-f330-4804-82a9-bf061cd692a8'),('f406e1a3-bae6-4fb9-bc93-8501bf8b2158','external-mac-generate',1,'2024-12-11 23:49:25','2024-12-11 23:49:25','2024-12-11 23:49:25',NULL,'fb4a8b4f-834a-4c38-868a-9f98f7ea4d7c'),('f408f592-534a-498a-a21b-4afb29caf2fd','external-encrypt',0,'2025-06-29 04:26:49','2025-06-29 04:26:49','2025-06-29 04:26:49',NULL,'ec6afc7a-f330-4804-82a9-bf061cd692a8'),('f41aadb4-681c-4709-8b2c-86c2416efebb','login',1,'2025-01-09 07:28:36','2025-01-09 07:28:36','2025-01-09 07:28:36',NULL,'f388f272-0bf0-49d2-a41f-070b7cd26911'),('f432999c-8560-40ce-96c6-f8acc55aab6b','external-verify',1,'2024-12-20 09:20:17','2024-12-20 09:20:17','2024-12-20 09:20:17',NULL,'f388f272-0bf0-49d2-a41f-070b7cd26911'),('f4642fd3-84d4-47d1-b66b-b2856841d221','cert-sign',1,'2025-06-26 07:21:52','2025-06-26 07:21:52','2025-06-26 07:21:52',NULL,'f388f272-0bf0-49d2-a41f-070b7cd26911'),('f47ff512-ce1a-4b20-8863-fb460728953f','login',1,'2025-02-13 04:40:32','2025-02-13 04:40:32','2025-02-13 04:40:32',NULL,'ec6afc7a-f330-4804-82a9-bf061cd692a8'),('f52ee743-4494-4e7b-9ddd-591ee5fbc70b','encrypt',1,'2024-12-11 14:03:13','2024-12-11 14:03:13','2024-12-11 14:03:13',NULL,'fb4a8b4f-834a-4c38-868a-9f98f7ea4d7c'),('f568ed16-675d-40b6-90e8-cf5df97e5dc8','encrypt',1,'2024-12-16 07:23:55','2024-12-16 07:23:55','2024-12-16 07:23:55',NULL,'f388f272-0bf0-49d2-a41f-070b7cd26911'),('f62a8909-3430-4bf1-ae9b-f3bd71d04e26','external-seal',0,'2024-12-11 23:57:03','2024-12-11 23:57:03','2024-12-11 23:57:03',NULL,'fb4a8b4f-834a-4c38-868a-9f98f7ea4d7c'),('f6407d8a-8e01-49c2-acbf-edc724d25197','login',1,'2024-11-18 09:31:55','2024-11-18 09:31:55','2024-11-18 09:31:55',NULL,'fb4a8b4f-834a-4c38-868a-9f98f7ea4d7c'),('f6559a82-9466-4661-a87f-72a501c71fcd','external-sign',0,'2024-12-20 09:05:38','2024-12-20 09:05:38','2024-12-20 09:05:38',NULL,'f388f272-0bf0-49d2-a41f-070b7cd26911'),('f672e644-813d-404c-9d76-a29934badd0c','external-seal',1,'2024-12-20 07:10:39','2024-12-20 07:10:39','2024-12-20 07:10:39',NULL,'ec6afc7a-f330-4804-82a9-bf061cd692a8'),('f7740f86-3db4-49dd-9b94-767268029d4d','login',1,'2024-12-24 06:16:38','2024-12-24 06:16:38','2024-12-24 06:16:38',NULL,'ec6afc7a-f330-4804-82a9-bf061cd692a8'),('f822fa87-779a-4fe6-8bbd-fe37df6189be','detokenize',0,'2025-06-19 08:03:54','2025-06-19 08:03:54','2025-06-19 08:03:54',NULL,'ec6afc7a-f330-4804-82a9-bf061cd692a8'),('f8b85145-81e4-4369-bc86-528618f60112','sign',0,'2024-12-16 08:50:31','2024-12-16 08:50:31','2024-12-16 08:50:31',NULL,'f388f272-0bf0-49d2-a41f-070b7cd26911'),('f8e3bef7-7fbd-4b04-a188-8c725b2ecf6d','decrypt',0,'2025-05-07 07:19:46','2025-05-07 07:19:46','2025-05-07 07:19:46',NULL,'ec6afc7a-f330-4804-82a9-bf061cd692a8'),('f8fc0205-e3bd-446b-842f-e921f3824964','external-mac-verify',0,'2024-12-11 23:52:16','2024-12-11 23:52:16','2024-12-11 23:52:16',NULL,'fb4a8b4f-834a-4c38-868a-9f98f7ea4d7c'),('f91be5a1-afdf-4e2f-a3ed-bdf57af6619c','encrypt',1,'2024-12-11 13:58:25','2024-12-11 13:58:25','2024-12-11 13:58:25',NULL,'fb4a8b4f-834a-4c38-868a-9f98f7ea4d7c'),('f9301fe8-348b-445c-98a8-43239a89e5ad','external-encrypt',0,'2024-12-11 23:58:12','2024-12-11 23:58:12','2024-12-11 23:58:12',NULL,'fb4a8b4f-834a-4c38-868a-9f98f7ea4d7c'),('f93cde53-7ee4-404f-9058-2b5ac12303d8','login',1,'2024-12-31 08:35:27','2024-12-31 08:35:27','2024-12-31 08:35:27',NULL,'ec6afc7a-f330-4804-82a9-bf061cd692a8'),('f970cd0a-65a1-4b23-862e-fc81906097ac','login',0,'2025-02-12 09:09:39','2025-02-12 09:09:39','2025-02-12 09:09:39',NULL,'ec6afc7a-f330-4804-82a9-bf061cd692a8'),('f9f73bbf-de42-4675-bb0f-575b16ef0052','decrypt',1,'2024-11-15 10:16:47','2024-11-15 10:16:47','2024-11-15 10:16:47',NULL,'ec6afc7a-f330-4804-82a9-bf061cd692a8'),('f9fe09a5-407b-4ca1-bcab-527696fac2ca','external-mac-verify',1,'2024-12-11 10:09:51','2024-12-11 10:09:51','2024-12-11 10:09:51',NULL,'ec6afc7a-f330-4804-82a9-bf061cd692a8'),('fa59e9a6-2ac0-4235-8144-fe7306974d6c','external-sign',0,'2024-12-20 08:55:44','2024-12-20 08:55:44','2024-12-20 08:55:44',NULL,'f388f272-0bf0-49d2-a41f-070b7cd26911'),('fb418ac5-0f23-4f3b-871e-87749f04978e','decrypt',1,'2024-12-16 07:27:17','2024-12-16 07:27:17','2024-12-16 07:27:17',NULL,'f388f272-0bf0-49d2-a41f-070b7cd26911'),('fcd73226-6461-4e06-b1e5-dda977c540d9','external-encrypt',0,'2024-12-11 10:18:06','2024-12-11 10:18:06','2024-12-11 10:18:06',NULL,'ec6afc7a-f330-4804-82a9-bf061cd692a8'),('fcfb1da0-8faf-4cc4-be2c-fc58f01c9367','external-decrypt',1,'2024-12-11 10:22:07','2024-12-11 10:22:07','2024-12-11 10:22:07',NULL,'ec6afc7a-f330-4804-82a9-bf061cd692a8'),('fdc92f74-19b7-4a1d-8a3f-ac5f660bda33','key-info',1,'2024-12-20 08:46:56','2024-12-20 08:46:56','2024-12-20 08:46:56',NULL,'f388f272-0bf0-49d2-a41f-070b7cd26911'),('fe1bc3d4-7303-4821-ad69-4e1fed5502f7','tokenize',0,'2024-12-16 08:40:56','2024-12-16 08:40:56','2024-12-16 08:40:56',NULL,'f388f272-0bf0-49d2-a41f-070b7cd26911'),('fe58a422-a455-491e-89e9-283cf93f7cbb','login',1,'2024-12-20 06:31:28','2024-12-20 06:31:28','2024-12-20 06:31:28',NULL,'f388f272-0bf0-49d2-a41f-070b7cd26911'),('fe689aa2-82e8-4612-8149-b8139b955eb3','external-sign',0,'2024-12-20 08:56:42','2024-12-20 08:56:42','2024-12-20 08:56:42',NULL,'f388f272-0bf0-49d2-a41f-070b7cd26911'),('fe83f4e0-98f1-4b3f-9eb2-1522e3f3293a','sign',1,'2024-12-16 09:02:00','2024-12-16 09:02:00','2024-12-16 09:02:00',NULL,'f388f272-0bf0-49d2-a41f-070b7cd26911'),('fec846ad-03e2-401b-9e62-0fbd8b3a8294','external-keypair-generate',0,'2024-12-11 10:22:45','2024-12-11 10:22:45','2024-12-11 10:22:45',NULL,'fb4a8b4f-834a-4c38-868a-9f98f7ea4d7c'),('ff2c2091-3689-43eb-85aa-7099760589e1','login',1,'2024-12-16 08:10:43','2024-12-16 08:10:43','2024-12-16 08:10:43',NULL,'f388f272-0bf0-49d2-a41f-070b7cd26911'),('ff3302e1-1783-4a9b-8d30-c0ce0f0ea18f','external-seal',0,'2024-12-20 06:47:42','2024-12-20 06:47:42','2024-12-20 06:47:42',NULL,'f388f272-0bf0-49d2-a41f-070b7cd26911'),('ff758aeb-b36e-4969-8d36-0a21dd9e4083','seal',1,'2025-05-21 08:28:13','2025-05-21 08:28:13','2025-05-21 08:28:13',NULL,'ec6afc7a-f330-4804-82a9-bf061cd692a8'),('ffacd85b-e4bc-4711-b285-187f1cb9622f','login',1,'2025-06-26 03:39:25','2025-06-26 03:39:25','2025-06-26 03:39:25',NULL,'f388f272-0bf0-49d2-a41f-070b7cd26911'),('ffd278ac-ad66-43cf-a86c-736d23f5998d','secret-get',1,'2024-12-11 14:43:08','2024-12-11 14:43:08','2024-12-11 14:43:08',NULL,'fb4a8b4f-834a-4c38-868a-9f98f7ea4d7c');
/*!40000 ALTER TABLE `transactions` ENABLE KEYS */;
UNLOCK TABLES;

--
-- Table structure for table `users`
--

DROP TABLE IF EXISTS `users`;
/*!40101 SET @saved_cs_client     = @@character_set_client */;
/*!50503 SET character_set_client = utf8mb4 */;
CREATE TABLE `users` (
  `id` char(36) CHARACTER SET utf8mb4 COLLATE utf8mb4_bin NOT NULL,
  `username` varchar(255) NOT NULL,
  `password` varchar(255) NOT NULL,
  `fullname` varchar(255) DEFAULT NULL,
  `phone` varchar(255) DEFAULT NULL,
  `email` varchar(255) DEFAULT NULL,
  `role` varchar(255) NOT NULL,
  `refresh_token` varchar(255) DEFAULT NULL,
  `created_at` datetime NOT NULL,
  `updated_at` datetime NOT NULL,
  `deleted_at` datetime DEFAULT NULL,
  PRIMARY KEY (`id`),
  UNIQUE KEY `id` (`id`),
  UNIQUE KEY `users_username_unique` (`username`)
) ENGINE=InnoDB DEFAULT CHARSET=utf8mb4 COLLATE=utf8mb4_0900_ai_ci;
/*!40101 SET character_set_client = @saved_cs_client */;

--
-- Dumping data for table `users`
--

LOCK TABLES `users` WRITE;
/*!40000 ALTER TABLE `users` DISABLE KEYS */;
INSERT INTO `users` VALUES ('177472a3-0da0-4dd8-a202-6a21e150ddbc','Admin','$2b$10$HHN1xxTO9LOZm64RN9bjX.pGB0slRFA2QUjwDioFESuFmpKBZPuwm','admin','085123456789','admin@gmail.com','admin',NULL,'2024-10-03 07:44:24','2024-10-03 07:44:24',NULL);
/*!40000 ALTER TABLE `users` ENABLE KEYS */;
UNLOCK TABLES;
/*!40103 SET TIME_ZONE=@OLD_TIME_ZONE */;

/*!40101 SET SQL_MODE=@OLD_SQL_MODE */;
/*!40014 SET FOREIGN_KEY_CHECKS=@OLD_FOREIGN_KEY_CHECKS */;
/*!40014 SET UNIQUE_CHECKS=@OLD_UNIQUE_CHECKS */;
/*!40101 SET CHARACTER_SET_CLIENT=@OLD_CHARACTER_SET_CLIENT */;
/*!40101 SET CHARACTER_SET_RESULTS=@OLD_CHARACTER_SET_RESULTS */;
/*!40101 SET COLLATION_CONNECTION=@OLD_COLLATION_CONNECTION */;
/*!40111 SET SQL_NOTES=@OLD_SQL_NOTES */;

-- Dump completed on 2025-06-30  3:05:16
